196608,1,3229,8,0,0,0,127,8,19,0,,0,1,0,0,0,4,1,0,0,1,0,0,,0,0,
196608,2,3229,4,0,0,0,56,4,10,0,,0,0,0,0,0,12,0,0,0,2,0,0,,0,0,
196608,3,3229,4,0,0,0,56,4,10,0,,0,2,0,0,0,16,9,0,0,3,0,0,,0,0,
196608,4,3245,8,0,0,0,127,8,19,0,,0,0,0,0,0,20,0,0,0,4,0,0,,0,0,
196608,5,3245,4,0,0,0,56,4,10,0,,0,0,0,0,0,28,0,0,0,5,0,0,,0,0,
196608,6,3245,4,0,0,0,56,4,10,0,,0,0,0,0,0,32,0,0,0,6,0,0,,0,0,
196608,7,3245,2,0,0,0,52,2,5,0,,0,0,0,0,0,36,0,0,0,7,0,0,,0,0,
196608,8,3245,2,0,0,0,52,2,5,0,,0,0,0,0,0,38,0,0,0,8,0,0,,0,0,
196608,9,3246,4,0,0,0,56,4,10,0,,0,0,0,0,0,40,0,0,0,9,0,0,,0,0,
196608,10,3245,4,0,0,0,56,4,10,0,,0,0,0,0,0,44,0,0,0,10,0,0,,0,0,
196608,11,3245,4,0,0,0,56,4,10,0,,0,0,0,0,0,48,0,0,0,11,0,0,,0,0,
196608,12,3245,2,0,0,0,52,2,5,0,,0,0,0,0,0,52,0,0,0,12,0,0,,0,0,
196608,13,3245,16,0,0,0,165,16,0,0,,0,0,1,0,0,-1,0,0,0,13,0,0,,0,0,
327680,1,415,8,0,0,0,127,8,19,0,,0,1,0,0,0,4,1,0,0,1,0,0,,0,0,
327680,2,680,1,0,0,0,48,1,3,0,,0,0,0,0,0,12,0,0,0,2,0,0,,0,0,
327680,3,680,4,0,0,0,56,4,10,0,,0,0,0,0,0,13,0,0,0,3,0,0,,0,0,
327680,4,680,4,0,0,0,56,4,10,0,,0,0,0,0,0,17,0,0,0,4,0,0,,0,0,
327680,5,680,4,0,0,0,56,4,10,0,,0,0,0,0,0,21,0,0,0,5,0,0,,0,0,
327680,6,763,4,0,0,0,56,4,10,0,,0,0,0,0,0,25,0,0,0,6,0,0,,0,0,
327680,7,680,2,0,0,0,52,2,5,0,,0,0,0,0,0,29,0,0,0,7,0,0,,0,0,
327680,8,683,8,0,0,0,127,8,19,0,,0,0,0,0,0,31,0,0,0,8,0,0,,0,0,
327680,9,622,1,0,0,0,48,1,3,0,,0,0,0,0,0,39,0,0,0,9,0,0,,0,0,
327680,10,622,1,0,0,0,48,1,3,0,,0,0,0,0,0,40,0,0,0,10,0,0,,0,0,
327680,11,622,2,0,0,0,52,2,5,0,,0,0,0,0,0,41,0,0,0,11,0,0,,0,0,
327680,12,622,4,0,0,0,56,4,10,0,,0,0,0,0,0,43,0,0,0,12,0,0,,0,0,
327680,13,622,2,0,0,0,52,2,5,0,,0,0,0,0,0,47,0,0,0,13,0,0,,0,0,
327680,14,622,2,0,0,0,52,2,5,0,,0,0,0,0,0,49,0,0,0,14,0,0,,0,0,
327680,15,622,2,0,0,0,52,2,5,0,,0,0,0,0,0,51,0,0,0,15,0,0,,0,0,
327680,16,622,16,0,0,0,165,16,0,0,,0,0,0,0,0,-1,0,0,0,16,0,0,,0,0,
327680,17,622,8,0,0,0,165,8,0,0,,0,0,0,0,0,-2,0,0,0,17,0,0,,0,0,
327680,18,432,4,0,0,0,56,4,10,0,,0,0,1,0,0,53,0,0,0,18,0,0,,0,0,
458752,1,471,8,0,0,0,127,8,19,0,,0,1,0,0,0,4,1,0,0,1,0,0,,0,0,
458752,2,495,1,0,0,0,48,1,3,0,,0,0,0,0,0,12,0,0,0,2,0,0,,0,0,
458752,3,495,8,0,0,0,127,8,19,0,,0,0,0,0,0,13,0,0,0,3,0,0,,0,0,
458752,4,471,4,0,0,0,56,4,10,0,,0,0,0,0,0,21,0,0,0,4,0,0,,0,0,
458752,5,482,2,0,0,0,52,2,5,0,,0,0,0,0,0,25,0,0,0,5,0,0,,0,0,
458752,6,529,6,0,0,0,173,6,0,0,,0,0,0,0,0,27,0,0,0,6,0,0,,0,0,
458752,7,529,6,0,0,0,173,6,0,0,,0,0,0,0,0,33,0,0,0,7,0,0,,0,0,
458752,8,529,6,0,0,0,173,6,0,0,,0,0,0,0,0,39,0,0,0,8,0,0,,0,0,
458752,9,543,8,0,0,0,127,8,19,0,,0,0,0,0,0,45,0,0,0,9,0,0,,0,0,
458752,10,529,8,0,0,0,127,8,19,0,,0,0,0,0,0,53,0,0,0,10,0,0,,0,0,
458752,11,543,8,0,0,0,127,8,19,0,,0,0,0,0,0,61,0,0,0,11,0,0,,0,0,
524288,1,4,4,0,0,0,56,4,10,0,,0,0,0,0,0,4,0,0,0,1,0,0,,0,0,
524288,2,0,2,0,0,0,52,2,5,0,,0,0,0,0,0,8,0,0,0,2,0,0,,0,0,
524288,3,0,256,0,0,0,239,256,0,0,SQL_Latin1_General_CP1_CI_AS,0,0,0,0,0,10,0,0,0,3,0,0,,0,0,
524288,4,6,520,0,0,0,239,520,0,0,SQL_Latin1_General_CP1_CI_AS,0,0,0,0,0,266,0,0,0,4,0,0,,0,0,
281474977103872,1,0,4,0,0,0,56,4,10,0,,0,1,0,0,0,4,1,0,0,1,0,0,,0,0,
281474977103872,2,0,4,0,0,0,56,4,10,0,,0,2,0,0,0,8,5,0,0,2,0,0,,0,0,
281474977103872,3,0,4,0,0,0,56,4,10,0,,0,3,0,0,0,12,9,0,0,3,0,0,,0,0,
281474977103872,4,0,4,0,0,0,56,4,10,0,,0,4,0,0,0,16,13,0,0,4,0,0,,0,0,
281474977103872,5,0,4,0,0,0,56,4,10,0,,0,5,0,0,0,20,17,0,0,5,0,0,,0,0,
281474977103872,6,0,4,0,0,0,56,4,10,0,,0,6,0,0,0,24,21,0,0,6,0,0,,0,0,
281474977103872,7,0,8,0,0,0,127,8,19,0,,0,0,0,0,0,28,0,0,0,7,0,0,,0,0,
281474977103872,8,0,4,0,0,0,56,4,10,0,,0,0,0,0,0,36,0,0,0,8,0,0,,0,0,
281474977103872,9,0,4,0,0,0,56,4,10,0,,0,0,0,0,0,40,0,0,0,9,0,0,,0,0,
281474977300480,1,0,1,0,0,0,48,1,3,0,,0,1,0,0,0,4,1,0,0,1,0,0,,0,0,
281474977300480,2,0,8,0,0,0,127,8,19,0,,0,2,0,0,0,5,2,0,0,2,0,0,,0,0,
281474977300480,3,0,8,0,0,0,127,8,19,0,,0,3,0,0,0,13,10,0,0,3,0,0,,0,0,
281474977300480,4,0,4,0,0,0,56,4,10,0,,0,4,0,0,0,21,18,0,0,4,0,0,,0,0,
281474977300480,5,0,8016,0,0,0,98,8016,0,0,,0,0,1,0,0,-1,0,0,0,5,0,0,,0,0,
281474977300480,6,0,8000,0,0,0,165,-1,0,0,,0,0,1,0,0,-2,0,0,0,6,0,0,,0,0,
281474977824768,1,0,4,0,0,0,56,4,10,0,,0,1,0,0,0,4,1,0,0,1,0,0,,0,0,
281474977824768,2,0,256,0,0,0,231,256,0,0,SQL_Latin1_General_CP1_CI_AS,0,0,0,0,0,-1,0,0,0,2,0,0,,0,0,
281474977824768,3,0,4,0,0,0,56,4,10,0,,0,0,1,0,0,8,0,0,0,3,0,0,,0,0,
281474977824768,4,0,4,0,0,0,56,4,10,0,,0,0,1,0,0,12,0,0,0,4,0,0,,0,0,
281474977824768,5,0,512,0,0,0,231,512,0,0,SQL_Latin1_General_CP1_CI_AS,0,0,1,0,0,-2,0,0,0,5,0,0,,0,0,
281474977824768,6,0,1,0,0,0,48,1,3,0,,0,0,0,0,0,16,0,0,0,6,0,0,,0,0,
281474977890304,1,0,4,0,0,0,56,4,10,0,,0,1,0,0,0,4,1,0,0,1,0,0,,0,0,
281474977890304,2,0,4,0,0,0,56,4,10,0,,0,2,0,0,0,8,5,0,0,2,0,0,,0,0,
281474977890304,3,0,256,0,0,0,231,256,0,0,SQL_Latin1_General_CP1_CI_AS,0,0,0,0,0,-1,0,0,0,3,0,0,,0,0,
281474977890304,4,0,4,0,0,0,56,4,10,0,,0,0,0,0,0,12,0,0,0,4,0,0,,0,0,
281474977890304,5,0,4,0,0,0,56,4,10,0,,0,0,0,0,0,16,0,0,0,5,0,0,,0,0,
281474977890304,6,0,4,0,0,0,56,4,10,0,,0,0,0,0,0,20,0,0,0,6,0,0,,0,0,
281474977955840,1,0,4,0,0,0,56,4,10,0,,0,1,0,0,0,4,1,0,0,1,0,0,,0,0,
281474977955840,2,0,4,0,0,0,56,4,10,0,,0,2,0,0,0,8,5,0,0,2,0,0,,0,0,
281474977955840,3,0,4,0,0,0,56,4,10,0,,0,3,0,0,0,12,9,0,0,3,0,0,,0,0,
281474977955840,4,0,4,0,0,0,56,4,10,0,,0,4,0,0,0,16,13,0,0,4,0,0,,0,0,
281474977955840,5,0,4,0,0,0,56,4,10,0,,0,0,0,0,0,20,0,0,0,5,0,0,,0,0,
281474978021376,1,2,4,0,0,0,56,4,10,0,,0,1,0,0,0,4,1,0,0,1,0,0,,0,0,
281474978021376,2,2,4,0,0,0,56,4,10,0,,0,2,0,0,0,8,5,0,0,2,0,0,,0,0,
281474978021376,3,2,16,0,0,0,36,16,0,0,,0,0,0,0,0,12,0,0,0,3,0,0,,0,0,
281474978021376,4,2,520,0,0,0,231,520,0,0,SQL_Latin1_General_CP1_CI_AS,0,0,1,0,0,-1,0,0,0,4,0,0,,0,0,
281474978086912,1,0,4,0,0,0,56,4,10,0,,0,0,0,0,0,4,0,0,0,1,0,0,,0,0,
281474978086912,2,0,4,0,0,0,56,4,10,0,,0,1,0,0,0,8,1,0,0,2,0,0,,0,0,
281474978086912,3,0,4,0,0,0,56,4,10,0,,0,2,0,0,0,12,5,0,0,3,0,0,,0,0,
281474978086912,4,0,4,0,0,0,56,4,10,0,,0,0,0,0,0,16,0,0,0,4,0,0,,0,0,
281474978086912,5,0,4,0,0,0,56,4,10,0,,0,0,0,0,0,20,0,0,0,5,0,0,,0,0,
281474978152448,1,0,4,0,0,0,56,4,10,0,,0,0,0,0,0,4,0,0,0,1,0,0,,0,0,
281474978152448,2,0,4,0,0,0,56,4,10,0,,0,1,0,0,0,8,1,0,0,2,0,0,,0,0,
281474978152448,3,0,4,0,0,0,56,4,10,0,,0,2,0,0,0,12,5,0,0,3,0,0,,0,0,
281474978152448,4,0,4,0,0,0,56,4,10,0,,0,3,0,0,0,16,9,0,0,4,0,0,,0,0,
281474978152448,5,0,4,0,0,0,56,4,10,0,,0,0,0,0,0,20,0,0,0,5,0,0,,0,0,
281474978152448,6,0,4,0,0,0,56,4,10,0,,0,0,0,0,0,24,0,0,0,6,0,0,,0,0,
281474978152448,7,0,1,0,0,0,48,1,3,0,,0,0,0,0,0,28,0,0,0,7,0,0,,0,0,
281474978152448,8,0,1,0,0,0,48,1,3,0,,0,0,0,0,0,29,0,0,0,8,0,0,,0,0,
281474978152448,9,0,4,0,0,0,56,4,10,0,,0,0,0,0,0,30,0,0,0,9,0,0,,0,0,
281474978152448,10,0,4,0,0,0,56,4,10,0,,0,0,0,0,0,34,0,0,0,10,0,0,,0,0,
281474978152448,11,0,4,0,0,0,56,4,10,0,,0,0,0,0,0,38,0,0,0,11,0,0,,0,0,
281474978152448,12,0,256,0,0,0,231,256,0,0,SQL_Latin1_General_CP1_CI_AS,0,0,0,0,0,-1,0,0,0,12,0,0,,0,0,
281474978152448,13,0,520,0,0,0,231,520,0,0,SQL_Latin1_General_CP1_CI_AS,0,0,0,0,0,-2,0,0,0,13,0,0,,0,0,
281474978152448,14,0,10,0,0,0,173,10,0,0,,0,0,1,0,0,42,0,0,0,14,0,0,,0,0,
281474978152448,15,0,10,0,0,0,173,10,0,0,,0,0,1,0,0,52,0,0,0,15,0,0,,0,0,
281474978152448,16,0,16,0,0,0,36,16,0,0,,0,0,1,0,0,62,0,0,0,16,0,0,,0,0,
281474978152448,17,0,4,0,0,0,56,4,10,0,,0,0,0,0,0,78,0,0,0,17,0,0,,0,0,
281474978152448,18,0,10,0,0,0,173,10,0,0,,0,0,1,0,0,82,0,0,0,18,0,0,,0,0,
281474978152448,19,0,10,0,0,0,173,10,0,0,,0,0,1,0,0,92,0,0,0,19,0,0,,0,0,
281474978152448,20,0,10,0,0,0,173,10,0,0,,0,0,1,0,0,102,0,0,0,20,0,0,,0,0,
281474978152448,21,0,10,0,0,0,173,10,0,0,,0,0,1,0,0,112,0,0,0,21,0,0,,0,0,
281474978152448,22,0,10,0,0,0,173,10,0,0,,0,0,1,0,0,122,0,0,0,22,0,0,,0,0,
281474978152448,23,0,10,0,0,0,173,10,0,0,,0,0,1,0,0,132,0,0,0,23,0,0,,0,0,
281474978152448,24,0,10,0,0,0,173,10,0,0,,0,0,1,0,0,142,0,0,0,24,0,0,,0,0,
281474978152448,25,0,16,0,0,0,36,16,0,0,,0,0,1,0,0,152,0,0,0,25,0,0,,0,0,
281474978152448,26,0,8,0,0,0,61,8,23,3,,0,0,0,0,0,168,0,0,0,26,0,0,,0,0,
281474978152448,27,0,10,0,0,0,173,10,0,0,,0,0,1,0,0,176,0,0,0,27,0,0,,0,0,
281474978152448,28,0,10,0,0,0,173,10,0,0,,0,0,1,0,0,186,0,0,0,28,0,0,,0,0,
281474978152448,29,0,10,0,0,0,173,10,0,0,,0,0,1,0,0,196,0,0,0,29,0,0,,0,0,
281474978152448,30,0,16,0,0,0,36,16,0,0,,0,0,1,0,0,206,0,0,0,30,0,0,,0,0,
281474978152448,31,0,10,0,0,0,173,10,0,0,,0,0,1,0,0,222,0,0,0,31,0,0,,0,0,
281474978152448,32,0,8,0,0,0,127,8,19,0,,0,0,0,0,0,232,0,0,0,32,0,0,,0,0,
281474978152448,33,0,16,0,0,0,36,16,0,0,,0,0,1,0,0,240,0,0,0,33,0,0,,0,0,
281474978217984,1,1,4,0,0,0,56,4,10,0,,0,0,0,0,0,4,0,0,0,1,0,0,,0,0,
281474978217984,2,1,4,0,0,0,56,4,10,0,,0,1,0,0,0,8,1,0,0,2,0,0,,0,0,
281474978217984,3,1,4,0,0,0,56,4,10,0,,0,0,0,0,0,12,0,0,0,3,0,0,,0,0,
281474978217984,4,1,2,0,0,0,175,2,0,0,Latin1_General_CI_AS_KS_WS,0,0,0,0,0,16,0,0,0,4,0,0,,0,0,
281474978217984,5,1,16,0,0,0,36,16,0,0,,0,0,1,0,0,18,0,0,0,5,0,0,,0,0,
281474978217984,6,1,4,0,0,0,56,4,10,0,,0,0,1,0,0,34,0,0,0,6,0,0,,0,0,
281474978217984,7,1,4,0,0,0,56,4,10,0,,0,0,0,0,0,38,0,0,0,7,0,0,,0,0,
281474978217984,8,1,256,0,0,0,231,256,0,0,SQL_Latin1_General_CP1_CI_AS,0,0,0,0,0,-1,0,0,0,8,0,0,,0,0,
281474978283520,1,6,4,0,0,0,56,4,10,0,,0,0,0,0,0,4,0,0,0,1,0,0,,0,0,
281474978283520,2,6,4,0,0,0,56,4,10,0,,0,1,0,0,0,8,1,0,0,2,0,0,,0,0,
281474978283520,3,14,4,0,0,0,56,4,10,0,,0,0,0,0,0,12,0,0,0,3,0,0,,0,0,
281474978283520,4,16,4,0,0,0,56,4,10,0,,0,0,0,0,0,16,0,0,0,4,0,0,,0,0,
281474978283520,5,16,1,0,0,0,48,1,3,0,,0,0,0,0,0,20,0,0,0,5,0,0,,0,0,
281474978283520,6,16,1,0,0,0,48,1,3,0,,0,0,0,0,0,21,0,0,0,6,0,0,,0,0,
281474978283520,7,21,4,0,0,0,56,4,10,0,,0,0,0,0,0,22,0,0,0,7,0,0,,0,0,
281474978283520,8,21,4,0,0,0,56,4,10,0,,0,0,0,0,0,26,0,0,0,8,0,0,,0,0,
281474978283520,9,16,4,0,0,0,56,4,10,0,,0,0,0,0,0,30,0,0,0,9,0,0,,0,0,
281474978283520,10,14,256,0,0,0,231,256,0,0,SQL_Latin1_General_CP1_CI_AS,0,0,0,0,0,-1,0,0,0,10,0,0,,0,0,
281474978283520,11,14,520,0,0,0,231,520,0,0,SQL_Latin1_General_CP1_CI_AS,0,0,0,0,0,-2,0,0,0,11,0,0,,0,0,
281474978283520,12,14,10,0,0,0,173,10,0,0,,0,0,1,0,0,34,0,0,0,12,0,0,,0,0,
281474978283520,13,14,10,0,0,0,173,10,0,0,,0,0,1,0,0,44,0,0,0,13,0,0,,0,0,
281474978283520,14,14,16,0,0,0,36,16,0,0,,0,0,1,0,0,54,0,0,0,14,0,0,,0,0,
281474978283520,15,6,4,0,0,0,56,4,10,0,,0,0,0,0,0,70,0,0,0,15,0,0,,0,0,
281474978283520,16,6,10,0,0,0,173,10,0,0,,0,0,1,0,0,74,0,0,0,16,0,0,,0,0,
281474978283520,17,6,10,0,0,0,173,10,0,0,,0,0,1,0,0,84,0,0,0,17,0,0,,0,0,
281474978283520,18,6,10,0,0,0,173,10,0,0,,0,0,1,0,0,94,0,0,0,18,0,0,,0,0,
281474978283520,19,14,10,0,0,0,173,10,0,0,,0,0,1,0,0,104,0,0,0,19,0,0,,0,0,
281474978283520,20,6,10,0,0,0,173,10,0,0,,0,0,1,0,0,114,0,0,0,20,0,0,,0,0,
281474978283520,21,14,10,0,0,0,173,10,0,0,,0,0,1,0,0,124,0,0,0,21,0,0,,0,0,
281474978283520,22,6,10,0,0,0,173,10,0,0,,0,0,1,0,0,134,0,0,0,22,0,0,,0,0,
281474978283520,23,6,16,0,0,0,36,16,0,0,,0,0,1,0,0,144,0,0,0,23,0,0,,0,0,
281474978283520,24,6,8,0,0,0,61,8,23,3,,0,0,0,0,0,160,0,0,0,24,0,0,,0,0,
281474978283520,25,6,10,0,0,0,173,10,0,0,,0,0,1,0,0,168,0,0,0,25,0,0,,0,0,
281474978283520,26,6,10,0,0,0,173,10,0,0,,0,0,1,0,0,178,0,0,0,26,0,0,,0,0,
281474978283520,27,6,10,0,0,0,173,10,0,0,,0,0,1,0,0,188,0,0,0,27,0,0,,0,0,
281474978283520,28,6,16,0,0,0,36,16,0,0,,0,0,1,0,0,198,0,0,0,28,0,0,,0,0,
281474978283520,29,6,10,0,0,0,173,10,0,0,,0,0,1,0,0,214,0,0,0,29,0,0,,0,0,
281474978283520,30,6,8,0,0,0,127,8,19,0,,0,0,0,0,0,224,0,0,0,30,0,0,,0,0,
281474978283520,31,6,16,0,0,0,36,16,0,0,,0,0,1,0,0,232,0,0,0,31,0,0,,0,0,
281474978349056,1,0,4,0,0,0,56,4,10,0,,0,1,0,0,0,4,1,0,0,1,0,0,,0,0,
281474978349056,2,0,4,0,0,0,56,4,10,0,,0,0,0,0,0,8,0,0,0,2,0,0,,0,0,
281474978349056,3,0,4,0,0,0,56,4,10,0,,0,0,0,0,0,12,0,0,0,3,0,0,,0,0,
281474978349056,4,0,1,0,0,0,175,1,0,0,Latin1_General_CI_AS_KS_WS,0,0,0,0,0,16,0,0,0,4,0,0,,0,0,
281474978349056,5,0,8,0,0,0,61,8,23,3,,0,0,1,0,0,17,0,0,0,5,0,0,,0,0,
281474978349056,6,0,8,0,0,0,61,8,23,3,,0,0,1,0,0,25,0,0,0,6,0,0,,0,0,
281474978349056,7,0,8,0,0,0,127,8,19,0,,0,0,0,0,0,33,0,0,0,7,0,0,,0,0,
281474978349056,8,0,4,0,0,0,56,4,10,0,,0,0,0,0,0,41,0,0,0,8,0,0,,0,0,
281474978349056,9,0,8,0,0,0,173,8,0,0,,0,0,0,0,0,45,0,0,0,9,0,0,,0,0,
281474978349056,10,0,8,0,0,0,173,8,0,0,,0,0,1,0,0,53,0,0,0,10,0,0,,0,0,
281474978349056,11,0,1,0,0,0,48,1,3,0,,0,0,0,0,0,61,0,0,0,11,0,0,,0,0,
281474978349056,12,0,1,0,0,0,48,1,3,0,,0,0,0,0,0,62,0,0,0,12,0,0,,0,0,
281474978349056,13,0,4,0,0,0,56,4,10,0,,0,0,0,0,0,63,0,0,0,13,0,0,,0,0,
281474978349056,14,0,8,0,0,0,127,8,19,0,,0,0,0,0,0,67,0,0,0,14,0,0,,0,0,
281474978349056,15,0,4,0,0,0,56,4,10,0,,0,0,0,0,0,75,0,0,0,15,0,0,,0,0,
281474978480128,1,14,4,0,0,0,56,4,10,0,,0,1,0,0,0,4,1,0,0,1,0,0,,0,0,
281474978480128,2,14,256,0,0,0,231,256,0,0,SQL_Latin1_General_CP1_CI_AS,0,0,0,0,0,-1,0,0,0,2,0,0,,0,0,
281474978480128,3,24,1,0,0,0,175,1,0,0,Latin1_General_CI_AS_KS_WS,0,0,0,0,0,8,0,0,0,3,0,0,,0,0,
281474978480128,4,24,85,0,0,0,165,85,0,0,,0,0,1,0,0,-2,0,0,0,4,0,0,,0,0,
281474978480128,5,14,256,0,0,0,165,256,0,0,,0,0,1,0,0,-3,0,0,0,5,0,0,,0,0,
281474978480128,6,14,256,0,0,0,231,256,0,0,SQL_Latin1_General_CP1_CI_AS,0,0,1,0,0,-4,0,0,0,6,0,0,,0,0,
281474978480128,7,14,4,0,0,0,56,4,10,0,,0,0,0,0,0,9,0,0,0,7,0,0,,0,0,
281474978480128,8,14,8,0,0,0,61,8,23,3,,0,0,0,0,0,13,0,0,0,8,0,0,,0,0,
281474978480128,9,24,8,0,0,0,61,8,23,3,,0,0,0,0,0,21,0,0,0,9,0,0,,0,0,
281474978480128,10,0,256,0,0,0,231,256,0,0,SQL_Latin1_General_CP1_CI_AS,0,0,1,0,0,-5,0,0,0,10,0,0,,0,0,
281474978545664,1,0,4,0,0,0,56,4,10,0,,0,1,0,0,0,4,1,0,0,1,0,0,,0,0,
281474978545664,2,0,256,0,0,0,231,256,0,0,SQL_Latin1_General_CP1_CI_AS,0,0,0,0,0,-1,0,0,0,2,0,0,,0,0,
281474978545664,3,0,85,0,0,0,165,85,0,0,,0,0,1,0,0,-2,0,0,0,3,0,0,,0,0,
281474978545664,4,0,4,0,0,0,56,4,10,0,,0,0,0,0,0,8,0,0,0,4,0,0,,0,0,
281474978545664,5,0,4,0,0,0,56,4,10,0,,0,0,0,0,0,12,0,0,0,5,0,0,,0,0,
281474978545664,6,0,4,0,0,0,56,4,10,0,,0,0,0,0,0,16,0,0,0,6,0,0,,0,0,
281474978545664,7,0,8,0,0,0,61,8,23,3,,0,0,0,0,0,20,0,0,0,7,0,0,,0,0,
281474978545664,8,0,8,0,0,0,61,8,23,3,,0,0,0,0,0,28,0,0,0,8,0,0,,0,0,
281474978545664,9,0,16,0,0,0,36,16,0,0,,0,0,0,0,0,36,0,0,0,9,0,0,,0,0,
281474978545664,10,0,4,0,0,0,56,4,10,0,,0,0,0,0,0,52,0,0,0,10,0,0,,0,0,
281474978545664,11,0,1,0,0,0,48,1,3,0,,0,0,0,0,0,56,0,0,0,11,0,0,,0,0,
281474978611200,1,181,1,0,0,0,48,1,3,0,,0,1,0,0,0,4,1,0,0,1,0,0,,0,0,
281474978611200,2,181,4,0,0,0,56,4,10,0,,0,2,0,0,0,5,2,0,0,2,0,0,,0,0,
281474978611200,3,181,4,0,0,0,56,4,10,0,,0,3,0,0,0,9,6,0,0,3,0,0,,0,0,
281474978611200,4,181,4,0,0,0,56,4,10,0,,0,4,0,0,0,13,10,0,0,4,0,0,,0,0,
281474978611200,5,181,4,0,0,0,56,4,10,0,,0,5,0,0,0,17,14,0,0,5,0,0,,0,0,
281474978611200,6,181,4,0,0,0,175,4,0,0,Latin1_General_CI_AS_KS_WS,0,6,0,0,0,21,18,0,0,6,0,0,,0,0,
281474978611200,7,182,1,0,0,0,175,1,0,0,Latin1_General_CI_AS_KS_WS,0,0,0,0,0,25,0,0,0,7,0,0,,0,0,
281474978938880,1,2630,4,0,0,0,56,4,10,0,,0,1,0,0,0,4,1,0,0,1,0,0,,0,0,
281474978938880,2,2630,256,0,0,0,231,256,0,0,SQL_Latin1_General_CP1_CI_AS,0,0,0,0,0,-1,0,0,0,2,0,0,,0,0,
281474978938880,3,2630,4,0,0,0,56,4,10,0,,0,0,0,0,0,8,0,0,0,3,0,0,,0,0,
281474978938880,4,2630,1,0,0,0,48,1,3,0,,0,0,0,0,0,12,0,0,0,4,0,0,,0,0,
281474978938880,5,2830,4,0,0,0,56,4,10,0,,0,0,0,0,0,13,0,0,0,5,0,0,,0,0,
281474978938880,6,2630,2,0,0,0,175,2,0,0,Latin1_General_CI_AS_KS_WS,0,0,0,0,0,17,0,0,0,6,0,0,,0,0,
281474978938880,7,2630,4,0,0,0,56,4,10,0,,0,0,0,0,0,19,0,0,0,7,0,0,,0,0,
281474978938880,8,2630,1,0,0,0,48,1,3,0,,0,0,0,0,0,23,0,0,0,8,0,0,,0,0,
281474978938880,9,2775,4,0,0,0,56,4,10,0,,0,0,0,0,0,24,0,0,0,9,0,0,,0,0,
281474978938880,10,2630,8,0,0,0,61,8,23,3,,0,0,0,0,0,28,0,0,0,10,0,0,,0,0,
281474978938880,11,3035,8,0,0,0,61,8,23,3,,0,0,0,0,0,36,0,0,0,11,0,0,,0,0,
281474978938880,12,2631,4,0,0,0,56,4,10,0,,0,0,0,0,0,44,0,0,0,12,0,0,,0,0,
281474979004416,1,0,8,0,0,0,127,8,19,0,,0,1,0,0,0,-1,-1,0,0,1,1,0,,0,0,
281474979004416,2,0,4,0,0,0,56,4,10,0,,0,2,0,0,0,-2,-2,0,0,2,2,0,,0,0,
281474979004416,3,0,4,0,0,0,56,4,10,0,,0,0,0,0,0,-3,0,0,0,3,0,0,,0,0,
281474979004416,4,0,8,0,0,0,127,8,19,0,,0,0,1,0,0,-4,0,0,0,4,0,0,,0,0,
281474979004416,5,0,4,0,0,0,56,4,10,0,,0,0,0,0,0,-5,0,0,0,5,0,0,,0,0,
281474979004416,6,0,4,0,0,0,56,4,10,0,,0,0,0,0,0,-6,0,0,0,6,0,0,,0,0,
281474979004416,7,0,4,0,0,0,56,4,10,0,,0,0,0,0,0,-7,0,0,0,7,0,0,,0,0,
281474979004416,8,0,4,0,0,0,56,4,10,0,,0,0,0,0,0,-8,0,0,0,8,0,0,,0,0,
281474979004416,9,0,8,0,0,0,127,8,19,0,,0,0,0,0,0,-9,0,0,0,9,0,0,,0,0,
281474979004416,10,0,8,0,0,0,61,8,23,3,,0,0,1,0,0,-10,0,0,0,10,0,0,,0,0,
281474979004416,11,0,8,0,0,0,61,8,23,3,,0,0,1,0,0,-11,0,0,0,11,0,0,,0,0,
281474979069952,1,0,4,0,0,0,56,4,10,0,,0,1,0,0,0,4,1,0,0,1,0,0,,0,0,
281474979069952,2,0,256,0,0,0,231,256,0,0,SQL_Latin1_General_CP1_CI_AS,0,0,0,0,0,-1,0,0,0,2,0,0,,0,0,
281474979069952,3,0,510,0,0,0,231,510,0,0,SQL_Latin1_General_CP1_CI_AS,0,0,0,0,0,-2,0,0,0,3,0,0,,0,0,
281474979069952,4,0,1,0,0,0,48,1,3,0,,0,0,0,0,0,8,0,0,0,4,0,0,,0,0,
281474979069952,5,0,8000,0,0,0,231,8000,0,0,SQL_Latin1_General_CP1_CI_AS,0,0,0,0,0,-3,0,0,0,5,0,0,,0,0,
281474979069952,6,0,4,0,0,0,56,4,10,0,,0,0,0,0,0,9,0,0,0,6,0,0,,0,0,
281474979069952,7,0,8000,0,0,0,231,8000,0,0,SQL_Latin1_General_CP1_CI_AS,0,0,1,0,0,-4,0,0,0,7,0,0,,0,0,
281474979069952,8,0,8000,0,0,0,231,8000,0,0,SQL_Latin1_General_CP1_CI_AS,0,0,1,0,0,-5,0,0,0,8,0,0,,0,0,
281474979069952,9,0,256,0,0,0,231,256,0,0,SQL_Latin1_General_CP1_CI_AS,0,0,1,0,0,-6,0,0,0,9,0,0,,0,0,
281474979069952,10,0,256,0,0,0,231,256,0,0,SQL_Latin1_General_CP1_CI_AS,0,0,1,0,0,-7,0,0,0,10,0,0,,0,0,
281474979069952,11,0,256,0,0,0,231,256,0,0,SQL_Latin1_General_CP1_CI_AS,0,0,1,0,0,-8,0,0,0,11,0,0,,0,0,
281474979135488,1,0,4,0,0,0,56,4,10,0,,0,1,0,0,0,4,1,0,0,1,0,0,,0,0,
281474979135488,2,0,4,0,0,0,56,4,10,0,,0,0,0,0,0,8,0,0,0,2,0,0,,0,0,
281474979135488,3,0,4,0,0,0,56,4,10,0,,0,0,1,0,0,12,0,0,0,3,0,0,,0,0,
281474979135488,4,0,8000,0,0,0,231,8000,0,0,SQL_Latin1_General_CP1_CI_AS,0,0,1,0,0,-1,0,0,0,4,0,0,,0,0,
281474979135488,5,0,40,0,0,0,231,40,0,0,SQL_Latin1_General_CP1_CI_AS,0,0,1,0,0,-2,0,0,0,5,0,0,,0,0,
281474979135488,6,0,8,0,0,0,62,8,53,0,,0,0,1,0,0,16,0,0,0,6,0,0,,0,0,
281474979135488,7,0,8,0,0,0,62,8,53,0,,0,0,1,0,0,24,0,0,0,7,0,0,,0,0,
281474979135488,8,0,1,0,0,0,48,1,3,0,,0,0,0,0,0,32,0,0,0,8,0,0,,0,0,
281474979135488,9,0,4,0,0,0,56,4,10,0,,0,0,0,0,0,33,0,0,0,9,0,0,,0,0,
281474979135488,10,0,256,0,0,0,231,256,0,0,SQL_Latin1_General_CP1_CI_AS,0,0,1,0,0,-3,0,0,0,10,0,0,,0,0,
281474979135488,11,0,256,0,0,0,231,256,0,0,SQL_Latin1_General_CP1_CI_AS,0,0,1,0,0,-4,0,0,0,11,0,0,,0,0,
281474979201024,1,0,4,0,0,0,56,4,10,0,,0,1,0,0,0,4,1,0,0,1,0,0,,0,0,
281474979201024,2,0,256,0,0,0,231,256,0,0,SQL_Latin1_General_CP1_CI_AS,0,0,0,0,0,-1,0,0,0,2,0,0,,0,0,
281474979201024,3,0,200,0,0,0,231,200,0,0,SQL_Latin1_General_CP1_CI_AS,0,0,0,0,0,-2,0,0,0,3,0,0,,0,0,
281474979201024,4,0,20,0,0,0,231,20,0,0,SQL_Latin1_General_CP1_CI_AS,0,0,1,0,0,-3,0,0,0,4,0,0,,0,0,
281474979201024,5,0,20,0,0,0,231,20,0,0,SQL_Latin1_General_CP1_CI_AS,0,0,1,0,0,-4,0,0,0,5,0,0,,0,0,
281474979201024,6,0,100,0,0,0,231,100,0,0,SQL_Latin1_General_CP1_CI_AS,0,0,1,0,0,-5,0,0,0,6,0,0,,0,0,
281474979201024,7,0,4,0,0,0,56,4,10,0,,0,0,0,0,0,8,0,0,0,7,0,0,,0,0,
281474979201024,8,0,510,0,0,0,231,510,0,0,SQL_Latin1_General_CP1_CI_AS,0,0,1,0,0,-6,0,0,0,8,0,0,,0,0,
281474979201024,9,0,20,0,0,0,231,20,0,0,SQL_Latin1_General_CP1_CI_AS,0,0,1,0,0,-7,0,0,0,9,0,0,,0,0,
281474979201024,10,0,20,0,0,0,231,20,0,0,SQL_Latin1_General_CP1_CI_AS,0,0,1,0,0,-8,0,0,0,10,0,0,,0,0,
281474979201024,11,0,510,0,0,0,231,510,0,0,SQL_Latin1_General_CP1_CI_AS,0,0,1,0,0,-9,0,0,0,11,0,0,,0,0,
281474979332096,1,0,1,0,0,0,48,1,3,0,,0,1,0,0,0,4,1,0,0,1,0,0,,0,0,
281474979332096,2,0,4,0,0,0,56,4,10,0,,0,2,0,0,0,5,2,0,0,2,0,0,,0,0,
281474979332096,3,0,4,0,0,0,56,4,10,0,,0,3,0,0,0,9,6,0,0,3,0,0,,0,0,
281474979332096,4,0,4,0,0,0,56,4,10,0,,0,4,0,0,0,13,10,0,0,4,0,0,,0,0,
281474979332096,5,0,4,0,0,0,56,4,10,0,,0,5,0,0,0,17,14,0,0,5,0,0,,0,0,
281474979332096,6,0,4,0,0,0,56,4,10,0,,0,6,0,0,0,21,18,0,0,6,0,0,,0,0,
281474979332096,7,0,8016,0,0,0,98,8016,0,0,,0,0,1,0,0,-1,0,0,0,7,0,0,,0,0,
281474979332096,8,0,8000,0,0,0,165,-1,0,0,,0,0,1,0,0,-2,0,0,0,8,0,0,,0,0,
281474979397632,1,1589,4,0,0,0,56,4,10,0,,0,1,0,0,0,4,1,0,0,1,0,0,,0,0,
281474979397632,2,1589,2,0,0,0,52,2,5,0,,0,2,0,0,0,8,5,0,0,2,0,0,,0,0,
281474979397632,3,1589,4,0,0,0,56,4,10,0,,0,3,0,0,0,10,7,0,0,3,0,0,,0,0,
281474979397632,4,1589,256,0,0,0,231,256,0,0,SQL_Latin1_General_CP1_CI_AS,0,0,1,0,0,-1,0,0,0,4,0,0,,0,0,
281474979397632,5,1635,1,0,0,0,48,1,3,0,,0,0,0,0,0,14,0,0,0,5,0,0,,0,0,
281474979397632,6,1635,4,0,0,0,56,4,10,0,,0,0,0,0,0,15,0,0,0,6,0,0,,0,0,
281474979397632,7,1635,2,0,0,0,52,2,5,0,,0,0,0,0,0,19,0,0,0,7,0,0,,0,0,
281474979397632,8,1635,1,0,0,0,48,1,3,0,,0,0,0,0,0,21,0,0,0,8,0,0,,0,0,
281474979397632,9,1635,1,0,0,0,48,1,3,0,,0,0,0,0,0,22,0,0,0,9,0,0,,0,0,
281474979397632,10,1635,4,0,0,0,56,4,10,0,,0,0,0,0,0,23,0,0,0,10,0,0,,0,0,
281474979397632,11,1680,4,0,0,0,56,4,10,0,,0,0,0,0,0,27,0,0,0,11,0,0,,0,0,
281474979397632,12,1635,2,0,0,0,52,2,5,0,,0,0,0,0,0,31,0,0,0,12,0,0,,0,0,
281474979397632,13,1610,4,0,0,0,56,4,10,0,,0,0,0,0,0,33,0,0,0,13,0,0,,0,0,
281474979397632,14,1603,4,0,0,0,56,4,10,0,,0,0,0,0,0,37,0,0,0,14,0,0,,0,0,
281474979397632,15,1589,4,0,0,0,56,4,10,0,,0,0,0,0,0,41,0,0,0,15,0,0,,0,0,
281474979397632,16,1594,64,0,0,0,165,64,0,0,,0,0,1,0,0,-2,0,0,0,16,0,0,,0,0,
281474979463168,1,0,4,0,0,0,56,4,10,0,,0,1,0,0,0,4,1,0,0,1,0,0,,0,0,
281474979463168,2,0,256,0,0,0,231,256,0,0,SQL_Latin1_General_CP1_CI_AS,0,0,0,0,0,-1,0,0,0,2,0,0,,0,0,
281474979463168,3,0,85,0,0,0,165,85,0,0,,0,0,1,0,0,-2,0,0,0,3,0,0,,0,0,
281474979463168,4,0,4,0,0,0,56,4,10,0,,0,0,0,0,0,8,0,0,0,4,0,0,,0,0,
281474979463168,5,0,1,0,0,0,175,1,0,0,Latin1_General_CI_AS_KS_WS,0,0,0,0,0,12,0,0,0,5,0,0,,0,0,
281474979463168,6,0,8,0,0,0,61,8,23,3,,0,0,0,0,0,13,0,0,0,6,0,0,,0,0,
281474979463168,7,0,8,0,0,0,61,8,23,3,,0,0,0,0,0,21,0,0,0,7,0,0,,0,0,
281474979463168,8,0,256,0,0,0,231,256,0,0,SQL_Latin1_General_CP1_CI_AS,0,0,1,0,0,-3,0,0,0,8,0,0,,0,0,
281474979463168,9,0,256,0,0,0,231,256,0,0,SQL_Latin1_General_CP1_CI_AS,0,0,1,0,0,-4,0,0,0,9,0,0,,0,0,
281474979463168,10,0,256,0,0,0,165,256,0,0,,0,0,1,0,0,-5,0,0,0,10,0,0,,0,0,
281474979528704,1,0,4,0,0,0,56,4,10,0,,0,1,0,0,0,4,1,0,0,1,0,0,,0,0,
281474979528704,2,0,256,0,0,0,231,256,0,0,SQL_Latin1_General_CP1_CI_AS,0,0,0,0,0,-1,0,0,0,2,0,0,,0,0,
281474979528704,3,0,256,0,0,0,231,256,0,0,SQL_Latin1_General_CP1_CI_AS,0,0,0,0,0,-2,0,0,0,3,0,0,,0,0,
281474979528704,4,0,256,0,0,0,231,256,0,0,SQL_Latin1_General_CP1_CI_AS,0,0,0,0,0,-3,0,0,0,4,0,0,,0,0,
281474979528704,5,0,4,0,0,0,56,4,10,0,,0,0,0,0,0,8,0,0,0,5,0,0,,0,0,
281474979528704,6,0,8,0,0,0,61,8,23,3,,0,0,0,0,0,12,0,0,0,6,0,0,,0,0,
281474979528704,7,0,256,0,0,0,231,256,0,0,SQL_Latin1_General_CP1_CI_AS,0,0,1,0,0,-4,0,0,0,7,0,0,,0,0,
281474979528704,8,0,4,0,0,0,56,4,10,0,,0,0,1,0,0,20,0,0,0,8,0,0,,0,0,
281474979528704,9,0,4,0,0,0,56,4,10,0,,0,0,1,0,0,24,0,0,0,9,0,0,,0,0,
281474979528704,10,0,4,0,0,0,56,4,10,0,,0,0,1,0,0,28,0,0,0,10,0,0,,0,0,
281474979594240,1,1,1,0,0,0,48,1,3,0,,0,1,0,0,0,4,1,0,0,1,0,0,,0,0,
281474979594240,2,1,4,0,0,0,56,4,10,0,,0,2,0,0,0,5,2,0,0,2,0,0,,0,0,
281474979594240,3,1,256,0,0,0,231,256,0,0,SQL_Latin1_General_CP1_CI_AS,0,0,0,0,0,-1,0,0,0,3,0,0,,0,0,
281474979594240,4,1,4,0,0,0,56,4,10,0,,0,0,0,0,0,9,0,0,0,4,0,0,,0,0,
281474979594240,5,1,4,0,0,0,56,4,10,0,,0,0,0,0,0,13,0,0,0,5,0,0,,0,0,
281474979594240,6,1,4,0,0,0,56,4,10,0,,0,0,0,0,0,17,0,0,0,6,0,0,,0,0,
281474979594240,7,1,8,0,0,0,61,8,23,3,,0,0,0,0,0,21,0,0,0,7,0,0,,0,0,
281474979594240,8,6,8,0,0,0,61,8,23,3,,0,0,0,0,0,29,0,0,0,8,0,0,,0,0,
281474979659776,1,0,4,0,0,0,56,4,10,0,,0,1,0,0,0,4,1,0,0,1,0,0,,0,0,
281474979659776,2,0,2,0,0,0,52,2,5,0,,0,2,0,0,0,8,5,0,0,2,0,0,,0,0,
281474979659776,3,0,2,0,0,0,52,2,5,0,,0,0,0,0,0,10,0,0,0,3,0,0,,0,0,
281474979659776,4,0,2,0,0,0,52,2,5,0,,0,0,0,0,0,12,0,0,0,4,0,0,,0,0,
281474979659776,5,0,2048,0,0,0,231,2048,0,0,SQL_Latin1_General_CP1_CI_AS,0,0,0,0,0,-1,0,0,0,5,0,0,,0,0,
281474979725312,1,0,4,0,0,0,56,4,10,0,,0,1,0,0,0,4,1,0,0,1,0,0,,0,0,
281474979725312,2,0,256,0,0,0,231,256,0,0,SQL_Latin1_General_CP1_CI_AS,0,0,0,0,0,-1,0,0,0,2,0,0,,0,0,
281474979725312,3,0,884,0,0,0,165,884,0,0,,0,0,0,0,0,-2,0,0,0,3,0,0,,0,0,
281474979725312,4,0,32,0,0,0,165,32,0,0,,0,0,0,0,0,-3,0,0,0,4,0,0,,0,0,
281474979725312,5,0,64,0,0,0,165,64,0,0,,0,0,0,0,0,-4,0,0,0,5,0,0,,0,0,
281474979725312,6,0,4700,0,0,0,165,4700,0,0,,0,0,1,0,0,-5,0,0,0,6,0,0,,0,0,
281474979725312,7,0,2,0,0,0,175,2,0,0,Latin1_General_CI_AS_KS_WS,0,0,0,0,0,8,0,0,0,7,0,0,,0,0,
281474979725312,8,0,8000,0,0,0,165,-1,0,0,,0,0,0,0,0,-6,0,0,0,8,0,0,,0,0,
281474979725312,9,0,4,0,0,0,56,4,10,0,,0,0,0,0,0,10,0,0,0,9,0,0,,0,0,
281474979725312,10,0,8,0,0,0,61,8,23,3,,0,0,1,0,0,14,0,0,0,10,0,0,,0,0,
281474979790848,1,0,4,0,0,0,56,4,10,0,,0,1,0,0,0,4,1,0,0,1,1,0,,0,0,
281474979790848,2,0,256,0,0,0,231,256,0,0,SQL_Latin1_General_CP1_CI_AS,0,2,1,0,0,-1,-1,0,0,2,2,0,,0,0,
281474979790848,3,0,4,0,0,0,56,4,10,0,,0,0,1,0,0,8,0,0,0,3,0,0,,0,0,
281474979790848,4,0,4,0,0,0,56,4,10,0,,0,0,0,0,0,12,0,0,0,4,0,0,,0,0,
281474979790848,5,0,8,0,0,0,61,8,23,3,,0,0,0,0,0,16,0,0,0,5,0,0,,0,0,
281474979856384,1,0,4,0,0,0,56,4,10,0,,0,1,0,0,0,4,1,0,0,1,1,0,,0,0,
281474979856384,2,0,4,0,0,0,56,4,10,0,,0,2,1,0,0,8,5,0,0,2,2,0,,0,0,
281474979856384,3,0,256,0,0,0,231,256,0,0,SQL_Latin1_General_CP1_CI_AS,0,0,1,0,0,-1,0,0,0,3,0,0,,0,0,
281474979856384,4,0,4,0,0,0,56,4,10,0,,0,0,0,0,0,12,0,0,0,4,0,0,,0,0,
281474979856384,5,0,8,0,0,0,61,8,23,3,,0,0,0,0,0,16,0,0,0,5,0,0,,0,0,
281474979856384,6,0,320,0,0,0,165,320,0,0,,0,0,1,0,0,-2,0,0,0,6,0,0,,0,0,
281474979921920,1,0,1,0,0,0,48,1,3,0,,0,1,0,0,0,4,1,0,0,1,0,0,,0,0,
281474979921920,2,0,4,0,0,0,56,4,10,0,,0,2,0,0,0,5,2,0,0,2,0,0,,0,0,
281474979921920,3,0,4,0,0,0,56,4,10,0,,0,3,0,0,0,9,6,0,0,3,0,0,,0,0,
281474979921920,4,0,256,0,0,0,231,256,0,0,SQL_Latin1_General_CP1_CI_AS,0,4,0,0,0,-1,-1,0,0,4,0,0,,0,0,
281474979921920,5,0,8016,0,0,0,98,8016,0,0,,0,0,1,0,0,-2,0,0,0,5,0,0,,0,0,
281474979987456,1,34,4,0,0,0,56,4,10,0,,0,1,0,0,0,4,1,0,0,1,0,0,,0,0,
281474979987456,2,34,4,0,0,0,56,4,10,0,,0,0,0,0,0,8,0,0,0,2,0,0,,0,0,
281474979987456,3,34,256,0,0,0,231,256,0,0,SQL_Latin1_General_CP1_CI_AS,0,0,0,0,0,-1,0,0,0,3,0,0,,0,0,
281474979987456,4,34,1,0,0,0,48,1,3,0,,0,0,0,0,0,12,0,0,0,4,0,0,,0,0,
281474979987456,5,34,2,0,0,0,52,2,5,0,,0,0,0,0,0,13,0,0,0,5,0,0,,0,0,
281474979987456,6,34,1,0,0,0,48,1,3,0,,0,0,0,0,0,15,0,0,0,6,0,0,,0,0,
281474979987456,7,34,1,0,0,0,48,1,3,0,,0,0,0,0,0,16,0,0,0,7,0,0,,0,0,
281474979987456,8,34,4,0,0,0,56,4,10,0,,0,0,0,0,0,17,0,0,0,8,0,0,,0,0,
281474979987456,9,34,4,0,0,0,56,4,10,0,,0,0,0,0,0,21,0,0,0,9,0,0,,0,0,
281474979987456,10,34,8,0,0,0,61,8,23,3,,0,0,0,0,0,25,0,0,0,10,0,0,,0,0,
281474979987456,11,34,8,0,0,0,61,8,23,3,,0,0,0,0,0,33,0,0,0,11,0,0,,0,0,
281474979987456,12,34,4,0,0,0,56,4,10,0,,0,0,0,0,0,41,0,0,0,12,0,0,,0,0,
281474979987456,13,34,4,0,0,0,56,4,10,0,,0,0,0,0,0,45,0,0,0,13,0,0,,0,0,
281474980052992,1,0,1,0,0,0,48,1,3,0,,0,1,0,0,0,4,1,0,0,1,0,0,,0,0,
281474980052992,2,0,4,0,0,0,56,4,10,0,,0,2,0,0,0,5,2,0,0,2,0,0,,0,0,
281474980052992,3,0,4,0,0,0,56,4,10,0,,0,3,0,0,0,9,6,0,0,3,0,0,,0,0,
281474980052992,4,0,256,0,0,0,231,256,0,0,Latin1_General_BIN,0,0,1,0,0,-1,0,0,0,4,0,0,,0,0,
281474980052992,5,0,1,0,0,0,48,1,3,0,,0,0,0,0,0,13,0,0,0,5,0,0,,0,0,
281474980052992,6,0,4,0,0,0,56,4,10,0,,0,0,0,0,0,14,0,0,0,6,0,0,,0,0,
281474980052992,7,0,2,0,0,0,52,2,5,0,,0,0,0,0,0,18,0,0,0,7,0,0,,0,0,
281474980052992,8,0,1,0,0,0,48,1,3,0,,0,0,0,0,0,20,0,0,0,8,0,0,,0,0,
281474980052992,9,0,1,0,0,0,48,1,3,0,,0,0,0,0,0,21,0,0,0,9,0,0,,0,0,
281474980052992,10,0,4,0,0,0,56,4,10,0,,0,0,0,0,0,22,0,0,0,10,0,0,,0,0,
281474980052992,11,0,4,0,0,0,56,4,10,0,,0,0,0,0,0,26,0,0,0,11,0,0,,0,0,
281474980052992,12,0,4,0,0,0,56,4,10,0,,0,0,0,0,0,30,0,0,0,12,0,0,,0,0,
281474980249600,1,412,4,0,0,0,56,4,10,0,,0,1,0,0,0,4,1,0,0,1,0,0,,0,0,
281474980249600,2,412,4,0,0,0,56,4,10,0,,0,2,0,0,0,8,5,0,0,2,0,0,,0,0,
281474980249600,3,412,256,0,0,0,231,256,0,0,SQL_Latin1_General_CP1_CI_AS,0,0,1,0,0,-1,0,0,0,3,0,0,,0,0,
281474980249600,4,478,4,0,0,0,56,4,10,0,,0,0,0,0,0,12,0,0,0,4,0,0,,0,0,
281474980249600,5,414,4,0,0,0,56,4,10,0,,0,0,0,0,0,16,0,0,0,5,0,0,,0,0,
281474980249600,6,412,1,0,0,0,48,1,3,0,,0,0,0,0,0,20,0,0,0,6,0,0,,0,0,
281474980249600,7,412,1,0,0,0,48,1,3,0,,0,0,0,0,0,21,0,0,0,7,0,0,,0,0,
281474980249600,8,412,1,0,0,0,48,1,3,0,,0,0,0,0,0,22,0,0,0,8,0,0,,0,0,
281474980249600,9,490,4,0,0,0,56,4,10,0,,0,0,0,0,0,23,0,0,0,9,0,0,,0,0,
281474980249600,10,492,4,0,0,0,56,4,10,0,,0,0,0,0,0,27,0,0,0,10,0,0,,0,0,
281474980249600,11,529,8,0,0,0,127,8,19,0,,0,0,0,0,0,31,0,0,0,11,0,0,,0,0,
281474980315136,1,599,4,0,0,0,56,4,10,0,,0,1,0,0,0,4,1,0,0,1,0,0,,0,0,
281474980315136,2,599,4,0,0,0,56,4,10,0,,0,2,0,0,0,8,5,0,0,2,0,0,,0,0,
281474980315136,3,599,4,0,0,0,56,4,10,0,,0,3,0,0,0,12,9,0,0,3,0,0,,0,0,
281474980315136,4,599,4,0,0,0,56,4,10,0,,0,0,0,0,0,16,0,0,0,4,0,0,,0,0,
281474980315136,5,599,4,0,0,0,56,4,10,0,,0,0,0,0,0,20,0,0,0,5,0,0,,0,0,
281474980315136,6,599,1,0,0,0,48,1,3,0,,0,0,0,0,0,24,0,0,0,6,0,0,,0,0,
281474980315136,7,599,1,0,0,0,48,1,3,0,,0,0,0,0,0,25,0,0,0,7,0,0,,0,0,
281474980315136,8,476,1,0,0,0,48,1,3,0,,0,0,0,0,0,26,0,0,0,8,0,0,,0,0,
281474980315136,9,39,1,0,0,0,48,1,3,0,,0,0,0,0,0,27,0,0,0,9,0,0,,0,0,
281474980380672,1,0,4,0,0,0,56,4,10,0,,0,1,0,0,0,4,1,0,0,1,0,0,,0,0,
281474980380672,2,0,256,0,0,0,231,256,0,0,SQL_Latin1_General_CP1_CI_AS,0,0,0,0,0,-1,0,0,0,2,0,0,,0,0,
281474980380672,3,0,1,0,0,0,48,1,3,0,,0,0,0,0,0,8,0,0,0,3,0,0,,0,0,
281474980380672,4,0,1,0,0,0,48,1,3,0,,0,0,0,0,0,9,0,0,0,4,0,0,,0,0,
281474980380672,5,0,2,0,0,0,52,2,5,0,,0,0,0,0,0,10,0,0,0,5,0,0,,0,0,
281474980380672,6,0,8,0,0,0,127,8,19,0,,0,0,0,0,0,12,0,0,0,6,0,0,,0,0,
281474980380672,7,0,2,0,0,0,52,2,5,0,,0,0,0,0,0,20,0,0,0,7,0,0,,0,0,
281474980380672,8,0,2,0,0,0,52,2,5,0,,0,0,0,0,0,22,0,0,0,8,0,0,,0,0,
281474980380672,9,0,4,0,0,0,56,4,10,0,,0,0,0,0,0,24,0,0,0,9,0,0,,0,0,
281474980380672,10,0,4,0,0,0,56,4,10,0,,0,0,0,0,0,28,0,0,0,10,0,0,,0,0,
281474980380672,11,0,4,0,0,0,56,4,10,0,,0,0,0,0,0,32,0,0,0,11,0,0,,0,0,
281474980380672,12,0,256,0,0,0,231,256,0,0,Latin1_General_CI_AS_KS_WS,0,0,1,0,0,-2,0,0,0,12,0,0,,0,0,
281474980380672,13,0,768,0,0,0,231,768,0,0,Latin1_General_BIN,0,0,1,0,0,-3,0,0,0,13,0,0,,0,0,
281474980380672,14,0,1552,0,0,0,231,1552,0,0,SQL_Latin1_General_CP1_CI_AS,0,0,1,0,0,-4,0,0,0,14,0,0,,0,0,
281474980380672,15,0,256,0,0,0,231,256,0,0,SQL_Latin1_General_CP1_CI_AS,0,0,1,0,0,-5,0,0,0,15,0,0,,0,0,
281474980380672,16,0,256,0,0,0,231,256,0,0,SQL_Latin1_General_CP1_CI_AS,0,0,1,0,0,-6,0,0,0,16,0,0,,0,0,
281474980380672,17,0,256,0,0,0,231,256,0,0,SQL_Latin1_General_CP1_CI_AS,0,0,1,0,0,-7,0,0,0,17,0,0,,0,0,
281474980380672,18,0,4,0,0,0,56,4,10,0,,0,0,0,0,0,36,0,0,0,18,0,0,,0,0,
281474980380672,19,0,1,0,0,0,48,1,3,0,,0,0,0,0,0,40,0,0,0,19,0,0,,0,0,
281474980380672,20,0,1,0,0,0,48,1,3,0,,0,0,0,0,0,41,0,0,0,20,0,0,,0,0,
281474980446208,1,0,4,0,0,0,56,4,10,0,,0,1,0,0,0,4,1,0,0,1,1,0,,0,0,
281474980446208,2,0,768,0,0,0,231,768,0,0,Latin1_General_BIN,0,2,1,0,0,-1,-1,0,0,2,2,0,,0,0,
281474980446208,3,0,128,0,0,0,231,128,0,0,Latin1_General_BIN,0,3,0,0,0,-2,-2,0,0,3,3,0,,0,0,
281474980446208,4,0,1552,0,0,0,231,1552,0,0,SQL_Latin1_General_CP1_CI_AS,0,0,1,0,0,-3,0,0,0,4,0,0,,0,0,
281474980446208,5,0,4,0,0,0,56,4,10,0,,0,0,0,0,0,8,0,0,0,5,0,0,,0,0,
281474980511744,1,23,1,0,0,0,48,1,3,0,,0,1,0,0,0,4,1,0,0,1,0,0,,0,0,
281474980511744,2,23,4,0,0,0,56,4,10,0,,0,2,0,0,0,5,2,0,0,2,0,0,,0,0,
281474980511744,3,23,4,0,0,0,56,4,10,0,,0,0,0,0,0,9,0,0,0,3,0,0,,0,0,
281474980511744,4,23,256,0,0,0,231,256,0,0,Latin1_General_BIN,0,0,0,0,0,-1,0,0,0,4,0,0,,0,0,
281474980511744,5,23,4,0,0,0,56,4,10,0,,0,0,0,0,0,13,0,0,0,5,0,0,,0,0,
281474980511744,6,23,2,0,0,0,175,2,0,0,Latin1_General_BIN,0,0,0,0,0,17,0,0,0,6,0,0,,0,0,
281474980511744,7,23,4,0,0,0,56,4,10,0,,0,0,0,0,0,19,0,0,0,7,0,0,,0,0,
281474980511744,8,23,8,0,0,0,61,8,23,3,,0,0,0,0,0,23,0,0,0,8,0,0,,0,0,
281474980511744,9,23,8,0,0,0,61,8,23,3,,0,0,0,0,0,31,0,0,0,9,0,0,,0,0,
281474980577280,1,0,1,0,0,0,48,1,3,0,,0,1,0,0,0,4,1,0,0,1,0,0,,0,0,
281474980577280,2,0,4,0,0,0,56,4,10,0,,0,2,0,0,0,5,2,0,0,2,0,0,,0,0,
281474980577280,3,0,4,0,0,0,56,4,10,0,,0,3,0,0,0,9,6,0,0,3,0,0,,0,0,
281474980577280,4,0,4,0,0,0,56,4,10,0,,0,4,0,0,0,13,10,0,0,4,0,0,,0,0,
281474980577280,5,0,4,0,0,0,56,4,10,0,,0,5,0,0,0,17,14,0,0,5,0,0,,0,0,
281474980577280,6,0,4,0,0,0,175,4,0,0,Latin1_General_CI_AS_KS_WS,0,6,0,0,0,21,18,0,0,6,0,0,,0,0,
281474980577280,7,0,1,0,0,0,175,1,0,0,Latin1_General_CI_AS_KS_WS,0,0,0,0,0,25,0,0,0,7,0,0,,0,0,
281474980642816,1,389,1,0,0,0,48,1,3,0,,0,1,0,0,0,4,1,0,0,1,0,0,,0,0,
281474980642816,2,389,4,0,0,0,56,4,10,0,,0,2,0,0,0,5,2,0,0,2,0,0,,0,0,
281474980642816,3,389,4,0,0,0,56,4,10,0,,0,3,0,0,0,9,6,0,0,3,0,0,,0,0,
281474980642816,4,389,4,0,0,0,56,4,10,0,,0,4,0,0,0,13,10,0,0,4,0,0,,0,0,
281474980642816,5,494,8016,0,0,0,98,8016,0,0,,0,0,1,0,0,-1,0,0,0,5,0,0,,0,0,
281474980642816,6,485,8000,0,0,0,165,-1,0,0,,0,0,1,0,0,-2,0,0,0,6,0,0,,0,0,
281474980773888,1,0,8,0,0,0,127,8,19,0,,0,1,0,0,0,-1,-1,0,0,1,1,0,,0,0,
281474980773888,2,0,4,0,0,0,56,4,10,0,,0,2,0,0,0,-2,-2,0,0,2,2,0,,0,0,
281474980773888,3,0,4,0,0,0,56,4,10,0,,0,3,0,0,0,-3,-3,0,0,3,3,0,,0,0,
281474980773888,4,0,4,0,0,0,56,4,10,0,,0,0,0,0,0,-4,0,0,0,4,0,0,,0,0,
281474980773888,5,0,4,0,0,0,56,4,10,0,,0,0,0,0,0,-5,0,0,0,5,0,0,,0,0,
281474980773888,6,0,4,0,0,0,56,4,10,0,,0,0,0,0,0,-6,0,0,0,6,0,0,,0,0,
281474980773888,7,0,4,0,0,0,56,4,10,0,,0,0,0,0,0,-7,0,0,0,7,0,0,,0,0,
281474980773888,8,0,8,0,0,0,127,8,19,0,,0,0,0,0,0,-8,0,0,0,8,0,0,,0,0,
281474980773888,9,0,8,0,0,0,62,8,53,0,,0,0,0,0,0,-9,0,0,0,9,0,0,,0,0,
281474980773888,10,0,4,0,0,0,56,4,10,0,,0,0,0,0,0,-10,0,0,0,10,0,0,,0,0,
281474980773888,11,0,4,0,0,0,56,4,10,0,,0,0,0,0,0,-11,0,0,0,11,0,0,,0,0,
281474980773888,12,0,8,0,0,0,127,8,19,0,,0,0,0,0,0,-12,0,0,0,12,0,0,,0,0,
281474980773888,13,0,8,0,0,0,127,8,19,0,,0,0,0,0,0,-13,0,0,0,13,0,0,,0,0,
281474980773888,14,0,8,0,0,0,127,8,19,0,,0,0,0,0,0,-14,0,0,0,14,0,0,,0,0,
281474980773888,15,0,8,0,0,0,127,8,19,0,,0,0,0,0,0,-15,0,0,0,15,0,0,,0,0,
281474980773888,16,0,16,0,0,0,173,16,0,0,,0,0,0,0,0,-16,0,0,0,16,0,0,,0,0,
281474980773888,17,0,2,0,0,0,52,2,5,0,,0,0,1,0,0,-17,0,0,0,17,0,0,,0,0,
281474980839424,1,0,8,0,0,0,127,8,19,0,,0,1,0,0,0,-1,-1,0,0,1,1,0,,0,0,
281474980839424,2,0,4,0,0,0,56,4,10,0,,0,2,0,0,0,-2,-2,0,0,2,2,0,,0,0,
281474980839424,3,0,4,0,0,0,56,4,10,0,,0,3,0,0,0,-3,-3,0,0,3,3,0,,0,0,
281474980839424,4,0,4,0,0,0,56,4,10,0,,0,0,0,0,0,-4,0,0,0,4,0,0,,0,0,
281474980839424,5,0,4,0,0,0,56,4,10,0,,0,0,0,0,0,-5,0,0,0,5,0,0,,0,0,
281474980839424,6,0,8,0,0,0,127,8,19,0,,0,0,0,0,0,-6,0,0,0,6,0,0,,0,0,
281474980839424,7,0,4,0,0,0,56,4,10,0,,0,0,0,0,0,-7,0,0,0,7,0,0,,0,0,
281474980839424,8,0,8,0,0,0,127,8,19,0,,0,0,0,0,0,-8,0,0,0,8,0,0,,0,0,
281474980839424,9,0,8,0,0,0,127,8,19,0,,0,0,0,0,0,-9,0,0,0,9,0,0,,0,0,
281474980839424,10,0,16,0,0,0,173,16,0,0,,0,0,0,0,0,-10,0,0,0,10,0,0,,0,0,
281474980839424,11,0,2,0,0,0,52,2,5,0,,0,0,1,0,0,-11,0,0,0,11,0,0,,0,0,
281474980904960,1,16,1,0,0,0,48,1,3,0,,0,1,0,0,0,4,1,0,0,1,0,0,,0,0,
281474980904960,2,16,4,0,0,0,56,4,10,0,,0,2,0,0,0,5,2,0,0,2,0,0,,0,0,
281474980904960,3,16,256,0,0,0,231,256,0,0,SQL_Latin1_General_CP1_CI_AS,0,0,0,0,0,-1,0,0,0,3,0,0,,0,0,
281474980904960,4,16,4,0,0,0,56,4,10,0,,0,0,0,0,0,9,0,0,0,4,0,0,,0,0,
281474980904960,5,16,2,0,0,0,175,2,0,0,Latin1_General_CI_AS_KS_WS,0,0,0,0,0,13,0,0,0,5,0,0,,0,0,
281474980904960,6,16,4,0,0,0,56,4,10,0,,0,0,0,0,0,15,0,0,0,6,0,0,,0,0,
281474980904960,7,16,8,0,0,0,61,8,23,3,,0,0,0,0,0,19,0,0,0,7,0,0,,0,0,
281474980904960,8,21,8,0,0,0,61,8,23,3,,0,0,0,0,0,27,0,0,0,8,0,0,,0,0,
281474980970496,1,0,1,0,0,0,48,1,3,0,,0,1,0,0,0,4,1,0,0,1,0,0,,0,0,
281474980970496,2,0,4,0,0,0,56,4,10,0,,0,2,0,0,0,5,2,0,0,2,0,0,,0,0,
281474980970496,3,0,4,0,0,0,56,4,10,0,,0,3,0,0,0,9,6,0,0,3,0,0,,0,0,
281474980970496,4,0,4,0,0,0,56,4,10,0,,0,4,0,0,0,13,10,0,0,4,0,0,,0,0,
281474980970496,5,0,8,0,0,0,127,8,19,0,,0,0,0,0,0,17,0,0,0,5,0,0,,0,0,
281474980970496,6,0,4,0,0,0,56,4,10,0,,0,0,0,0,0,25,0,0,0,6,0,0,,0,0,
281474981101568,1,0,4,0,0,0,56,4,10,0,,0,1,0,0,0,4,1,0,0,1,0,0,,0,0,
281474981101568,2,0,256,0,0,0,231,256,0,0,SQL_Latin1_General_CP1_CI_AS,0,0,0,0,0,-1,0,0,0,2,0,0,,0,0,
281474981101568,3,0,4,0,0,0,56,4,10,0,,0,0,0,0,0,8,0,0,0,3,0,0,,0,0,
281474981101568,4,0,512,0,0,0,231,512,0,0,Latin1_General_BIN,0,0,1,0,0,-2,0,0,0,4,0,0,,0,0,
281474981101568,5,0,4,0,0,0,56,4,10,0,,0,0,0,0,0,12,0,0,0,5,0,0,,0,0,
281474981167104,1,0,16,0,0,0,36,16,0,0,,0,1,0,0,0,4,1,0,0,1,0,0,,0,0,
281474981167104,2,0,1,0,0,0,104,1,1,0,,0,2,0,0,0,20,17,0,0,2,0,0,,0,0,
281474981167104,3,0,512,0,0,0,231,512,0,0,Latin1_General_BIN,0,0,1,0,0,-1,0,0,0,3,0,0,,0,0,
281474981167104,4,0,256,0,0,0,231,256,0,0,Latin1_General_BIN,0,0,1,0,0,-2,0,0,0,4,0,0,,0,0,
281474981167104,5,0,512,0,0,0,231,512,0,0,Latin1_General_BIN,0,0,1,0,0,-3,0,0,0,5,0,0,,0,0,
281474981167104,6,0,256,0,0,0,231,256,0,0,Latin1_General_BIN,0,0,1,0,0,-4,0,0,0,6,0,0,,0,0,
281474981167104,7,0,512,0,0,0,231,512,0,0,Latin1_General_BIN,0,0,1,0,0,-5,0,0,0,7,0,0,,0,0,
281474981167104,8,0,8,0,0,0,127,8,19,0,,0,3,0,0,0,21,18,0,0,8,0,0,,0,0,
281474981167104,9,0,512,0,0,0,231,512,0,0,Latin1_General_BIN,0,0,1,0,0,-6,0,0,0,9,0,0,,0,0,
281474981167104,10,0,4,0,0,0,56,4,10,0,,0,0,0,0,0,29,0,0,0,10,0,0,,0,0,
281474981167104,11,0,4,0,0,0,56,4,10,0,,0,0,0,0,0,33,0,0,0,11,0,0,,0,0,
281474981167104,12,0,8,0,0,0,61,8,23,3,,0,0,0,0,0,37,0,0,0,12,0,0,,0,0,
281474981167104,13,0,8,0,0,0,61,8,23,3,,0,0,1,0,0,45,0,0,0,13,0,0,,0,0,
281474981167104,14,0,4,0,0,0,56,4,10,0,,0,0,0,0,0,53,0,0,0,14,0,0,,0,0,
281474981167104,15,0,16,0,0,0,36,16,0,0,,0,0,0,0,0,57,0,0,0,15,0,0,,0,0,
281474981167104,16,0,2,0,0,0,52,2,5,0,,0,0,0,0,0,73,0,0,0,16,0,0,,0,0,
281474981167104,17,0,2,0,0,0,52,2,5,0,,0,0,0,0,0,75,0,0,0,17,0,0,,0,0,
281474981167104,18,0,1,0,0,0,48,1,3,0,,0,0,0,0,0,77,0,0,0,18,0,0,,0,0,
281474981167104,19,0,4,0,0,0,56,4,10,0,,0,0,0,0,0,78,0,0,0,19,0,0,,0,0,
281474981167104,20,0,8000,0,0,0,165,-1,0,0,,0,0,1,0,0,-7,0,0,0,20,0,0,,0,0,
281474981167104,21,0,8,0,0,0,127,8,19,0,,0,0,1,0,0,82,0,0,0,21,0,0,,0,0,
281474981232640,1,1,4,0,0,0,56,4,10,0,,0,1,0,0,0,4,1,0,0,1,0,0,,0,0,
281474981232640,2,1,256,0,0,0,231,256,0,0,SQL_Latin1_General_CP1_CI_AS,0,0,0,0,0,-1,0,0,0,2,0,0,,0,0,
281474981232640,3,1,512,0,0,0,231,512,0,0,Latin1_General_BIN,0,0,1,0,0,-2,0,0,0,3,0,0,,0,0,
281474981232640,4,1,256,0,0,0,231,256,0,0,Latin1_General_BIN,0,0,1,0,0,-3,0,0,0,4,0,0,,0,0,
281474981232640,5,1,512,0,0,0,231,512,0,0,Latin1_General_BIN,0,0,1,0,0,-4,0,0,0,5,0,0,,0,0,
281474981232640,6,1,512,0,0,0,231,512,0,0,Latin1_General_BIN,0,0,1,0,0,-5,0,0,0,6,0,0,,0,0,
281474981232640,7,1,8,0,0,0,61,8,23,3,,0,0,1,0,0,8,0,0,0,7,0,0,,0,0,
281474981363712,1,0,16,0,0,0,36,16,0,0,,0,1,0,0,0,4,1,0,0,1,0,0,,0,0,
281474981363712,2,0,4,0,0,0,56,4,10,0,,0,0,0,0,0,20,0,0,0,2,0,0,,0,0,
281474981363712,3,0,4,0,0,0,56,4,10,0,,0,0,0,0,0,24,0,0,0,3,0,0,,0,0,
281474981363712,4,0,4,0,0,0,56,4,10,0,,0,0,0,0,0,28,0,0,0,4,0,0,,0,0,
281474981429248,1,0,16,0,0,0,36,16,0,0,,0,1,0,0,0,4,1,0,0,1,0,0,,0,0,
281474981429248,2,0,16,0,0,0,36,16,0,0,,0,0,0,0,0,20,0,0,0,2,0,0,,0,0,
281474981429248,3,0,1,0,0,0,48,1,3,0,,0,0,0,0,0,36,0,0,0,3,0,0,,0,0,
281474981429248,4,0,8,0,0,0,127,8,19,0,,0,0,0,0,0,37,0,0,0,4,0,0,,0,0,
281474981429248,5,0,6,0,0,0,173,6,0,0,,0,0,0,0,0,45,0,0,0,5,0,0,,0,0,
281474981494784,1,0,16,0,0,0,36,16,0,0,,0,1,0,0,0,4,1,0,0,1,0,0,,0,0,
281474981494784,2,0,1,0,0,0,48,1,3,0,,0,2,0,0,0,20,17,0,0,2,0,0,,0,0,
281474981494784,3,0,16,0,0,0,36,16,0,0,,0,0,0,0,0,21,0,0,0,3,0,0,,0,0,
281474981494784,4,0,8,0,0,0,127,8,19,0,,0,0,0,0,0,37,0,0,0,4,0,0,,0,0,
281474981494784,5,0,4,0,0,0,56,4,10,0,,0,0,0,0,0,45,0,0,0,5,0,0,,0,0,
281474981494784,6,0,4,0,0,0,56,4,10,0,,0,0,0,0,0,49,0,0,0,6,0,0,,0,0,
281474981494784,7,0,2,0,0,0,175,2,0,0,Latin1_General_CI_AS_KS_WS,0,0,0,0,0,53,0,0,0,7,0,0,,0,0,
281474981494784,8,0,8,0,0,0,61,8,23,3,,0,0,0,0,0,55,0,0,0,8,0,0,,0,0,
281474981494784,9,0,4,0,0,0,56,4,10,0,,0,0,0,0,0,63,0,0,0,9,0,0,,0,0,
281474981494784,10,0,4,0,0,0,56,4,10,0,,0,0,0,0,0,67,0,0,0,10,0,0,,0,0,
281474981494784,11,0,16,0,0,0,36,16,0,0,,0,0,0,0,0,71,0,0,0,11,0,0,,0,0,
281474981494784,12,0,8,0,0,0,127,8,19,0,,0,0,0,0,0,87,0,0,0,12,0,0,,0,0,
281474981494784,13,0,8,0,0,0,127,8,19,0,,0,0,0,0,0,95,0,0,0,13,0,0,,0,0,
281474981494784,14,0,8,0,0,0,127,8,19,0,,0,0,0,0,0,103,0,0,0,14,0,0,,0,0,
281474981494784,15,0,8,0,0,0,127,8,19,0,,0,0,0,0,0,111,0,0,0,15,0,0,,0,0,
281474981494784,16,0,4,0,0,0,56,4,10,0,,0,0,0,0,0,119,0,0,0,16,0,0,,0,0,
281474981494784,17,0,8,0,0,0,61,8,23,3,,0,0,0,0,0,123,0,0,0,17,0,0,,0,0,
281474981494784,18,0,8,0,0,0,61,8,23,3,,0,0,0,0,0,131,0,0,0,18,0,0,,0,0,
281474981494784,19,0,4,0,0,0,56,4,10,0,,0,0,0,0,0,139,0,0,0,19,0,0,,0,0,
281474981494784,20,0,4096,0,0,0,165,4096,0,0,,0,0,0,0,0,-1,0,0,0,20,0,0,,0,0,
281474981494784,21,0,16,0,0,0,36,16,0,0,,0,0,0,0,0,143,0,0,0,21,0,0,,0,0,
281474981494784,22,0,4,0,0,0,56,4,10,0,,0,0,0,0,0,159,0,0,0,22,0,0,,0,0,
281474981494784,23,0,4096,0,0,0,165,4096,0,0,,0,0,0,0,0,-2,0,0,0,23,0,0,,0,0,
281474981494784,24,0,16,0,0,0,36,16,0,0,,0,0,0,0,0,163,0,0,0,24,0,0,,0,0,
281474981494784,25,0,512,0,0,0,231,512,0,0,Latin1_General_BIN,0,0,0,0,0,-3,0,0,0,25,0,0,,0,0,
281474981494784,26,0,256,0,0,0,231,256,0,0,Latin1_General_BIN,0,0,1,0,0,-4,0,0,0,26,0,0,,0,0,
281474981494784,27,0,1,0,0,0,48,1,3,0,,0,0,0,0,0,179,0,0,0,27,0,0,,0,0,
281474981560320,1,261,1,0,0,0,48,1,3,0,,0,2,0,0,0,4,5,0,0,1,0,0,,0,0,
281474981560320,2,261,4,0,0,0,56,4,10,0,,0,1,0,0,0,5,1,0,0,2,0,0,,0,0,
281474981560320,3,261,4,0,0,0,56,4,10,0,,0,3,0,0,0,9,6,0,0,3,0,0,,0,0,
281474981560320,4,261,4,0,0,0,56,4,10,0,,0,0,0,0,0,13,0,0,0,4,0,0,,0,0,
281474981560320,5,261,4,0,0,0,56,4,10,0,,0,0,0,0,0,17,0,0,0,5,0,0,,0,0,
281474981560320,6,261,4,0,0,0,56,4,10,0,,0,0,0,0,0,21,0,0,0,6,0,0,,0,0,
281474981625856,1,355,1,0,0,0,48,1,3,0,,0,2,0,0,0,4,5,0,0,1,0,0,,0,0,
281474981625856,2,355,4,0,0,0,56,4,10,0,,0,1,0,0,0,5,1,0,0,2,0,0,,0,0,
281474981625856,3,355,4,0,0,0,56,4,10,0,,0,3,0,0,0,9,6,0,0,3,0,0,,0,0,
281474981625856,4,355,4,0,0,0,56,4,10,0,,0,4,0,0,0,13,10,0,0,4,0,0,,0,0,
281474981625856,5,355,4,0,0,0,56,4,10,0,,0,5,0,0,0,17,14,0,0,5,0,0,,0,0,
281474981625856,6,355,4,0,0,0,56,4,10,0,,0,0,0,0,0,21,0,0,0,6,0,0,,0,0,
281474981822464,1,0,1,0,0,0,48,1,3,0,,0,2,0,0,0,4,5,0,0,1,0,0,,0,0,
281474981822464,2,0,4,0,0,0,56,4,10,0,,0,1,0,0,0,5,1,0,0,2,0,0,,0,0,
281474981822464,3,0,4,0,0,0,56,4,10,0,,0,3,0,0,0,9,6,0,0,3,0,0,,0,0,
281474981822464,4,0,16,0,0,0,36,16,0,0,,0,0,0,0,0,13,0,0,0,4,0,0,,0,0,
281474981822464,5,0,4,0,0,0,56,4,10,0,,0,0,0,0,0,29,0,0,0,5,0,0,,0,0,
281474981888000,1,0,4,0,0,0,56,4,10,0,,0,1,0,0,0,4,1,0,0,1,0,0,,0,0,
281474981888000,2,0,10,0,0,0,173,10,0,0,,0,2,0,0,0,8,5,0,0,2,0,0,,0,0,
281474981888000,3,0,4,0,0,0,56,4,10,0,,0,0,1,0,0,18,0,0,0,3,0,0,,0,0,
281474981888000,4,0,8,0,0,0,127,8,19,0,,0,0,1,0,0,22,0,0,0,4,0,0,,0,0,
281474981888000,5,0,8,0,0,0,61,8,23,3,,0,0,0,0,0,30,0,0,0,5,0,0,,0,0,
281474981953536,1,0,85,0,0,0,165,85,0,0,,0,1,0,0,0,-1,-1,0,0,1,0,0,,0,0,
281474981953536,2,0,256,0,0,0,231,256,0,0,SQL_Latin1_General_CP1_CI_AS,0,0,0,0,0,-2,0,0,0,2,0,0,,0,0,
281474981953536,3,0,520,0,0,0,231,520,0,0,SQL_Latin1_General_CP1_CI_AS,0,0,0,0,0,-3,0,0,0,3,0,0,,0,0,
281474981953536,4,0,4,0,0,0,56,4,10,0,,0,0,0,0,0,4,0,0,0,4,0,0,,0,0,
281474981953536,5,0,4,0,0,0,56,4,10,0,,0,0,0,0,0,8,0,0,0,5,0,0,,0,0,
281474981953536,6,0,8,0,0,0,61,8,23,3,,0,0,0,0,0,12,0,0,0,6,0,0,,0,0,
281474981953536,7,0,8,0,0,0,61,8,23,3,,0,0,0,0,0,20,0,0,0,7,0,0,,0,0,
281474981953536,8,0,520,0,0,0,231,520,0,0,SQL_Latin1_General_CP1_CI_AS,0,0,0,0,0,-4,0,0,0,8,0,0,,0,0,
281474982084608,1,0,4,0,0,0,56,4,10,0,,0,1,0,0,0,4,1,0,0,1,0,0,,0,0,
281474982084608,2,0,4,0,0,0,56,4,10,0,,0,2,0,0,0,8,5,0,0,2,0,0,,0,0,
281474982084608,3,0,4,0,0,0,56,4,10,0,,0,0,0,0,0,12,0,0,0,3,0,0,,0,0,
281474982084608,4,0,8,0,0,0,173,8,0,0,,0,0,0,0,0,16,0,0,0,4,0,0,,0,0,
281474982084608,5,0,4,0,0,0,56,4,10,0,,0,0,0,0,0,24,0,0,0,5,0,0,,0,0,
281474982084608,6,0,8,0,0,0,127,8,19,0,,0,0,0,0,0,28,0,0,0,6,0,0,,0,0,
281474982084608,7,0,8,0,0,0,127,8,19,0,,0,0,0,0,0,36,0,0,0,7,0,0,,0,0,
281474982084608,8,0,8,0,0,0,127,8,19,0,,0,0,0,0,0,44,0,0,0,8,0,0,,0,0,
281474982215680,1,0,4,0,0,0,56,4,10,0,,0,1,0,0,0,4,1,0,0,1,0,0,,0,0,
281474982215680,2,0,8,0,0,0,61,8,23,3,,0,0,0,0,0,8,0,0,0,2,0,0,,0,0,
281474982215680,3,0,4,0,0,0,56,4,10,0,,0,0,0,0,0,16,0,0,0,3,0,0,,0,0,
281474982215680,4,0,256,0,0,0,231,256,0,0,SQL_Latin1_General_CP1_CI_AS,0,0,0,0,0,-1,0,0,0,4,0,0,,0,0,
281474982215680,5,0,16,0,0,0,36,16,0,0,,0,0,0,0,0,20,0,0,0,5,0,0,,0,0,
281474982281216,1,0,4,0,0,0,56,4,10,0,,0,1,0,0,0,4,1,0,0,1,0,0,,0,0,
281474982281216,2,0,128,0,0,0,231,128,0,0,Latin1_General_BIN,0,2,0,0,0,-1,-1,0,0,2,0,0,,0,0,
281474982281216,3,0,4,0,0,0,56,4,10,0,,0,3,0,0,0,8,5,0,0,3,0,0,,0,0,
281474982281216,4,0,1,0,0,0,48,1,3,0,,0,0,0,0,0,12,0,0,0,4,0,0,,0,0,
281474982346752,1,0,4,0,0,0,56,4,10,0,,0,1,0,0,0,4,1,0,0,1,0,0,,0,0,
281474982346752,2,0,4,0,0,0,56,4,10,0,,0,2,0,0,0,8,5,0,0,2,0,0,,0,0,
281474982346752,3,0,512,0,0,0,231,512,0,0,SQL_Latin1_General_CP437_CS_AS,0,0,0,0,0,-1,0,0,0,3,0,0,,0,0,
281474982346752,4,0,16,0,0,0,36,16,0,0,,0,0,0,0,0,12,0,0,0,4,0,0,,0,0,
281474982346752,5,0,4,0,0,0,56,4,10,0,,0,0,0,0,0,28,0,0,0,5,0,0,,0,0,
281474982346752,6,0,1024,0,0,0,231,1024,0,0,SQL_Latin1_General_CP1_CI_AS,0,0,1,0,0,-2,0,0,0,6,0,0,,0,0,
281474982412288,1,0,8,0,0,0,127,8,19,0,,0,1,0,0,0,4,1,0,0,1,0,0,,0,0,
281474982412288,2,0,4,0,0,0,56,4,10,0,,0,0,0,0,0,12,0,0,0,2,0,0,,0,0,
281474982412288,3,0,8000,0,0,0,165,-1,0,0,,0,0,1,0,0,-1,0,0,0,3,0,0,,0,0,
281474982543360,1,0,4,0,0,0,56,4,10,0,,0,1,0,0,0,4,1,0,0,1,0,0,,0,0,
281474982543360,2,0,4,0,0,0,56,4,10,0,,0,0,0,0,0,8,0,0,0,2,0,0,,0,0,
281474982543360,3,0,512,0,0,0,165,512,0,0,,0,0,0,0,0,-1,0,0,0,3,0,0,,0,0,
281474982543360,4,0,512,0,0,0,165,512,0,0,,0,0,1,0,0,-2,0,0,0,4,0,0,,0,0,
281474982543360,5,0,8,0,0,0,127,8,19,0,,0,0,1,0,0,12,0,0,0,5,0,0,,0,0,
281474982543360,6,0,8,0,0,0,127,8,19,0,,0,0,1,0,0,20,0,0,0,6,0,0,,0,0,
281474982543360,7,0,8,0,0,0,127,8,19,0,,0,0,1,0,0,28,0,0,0,7,0,0,,0,0,
281474982543360,8,0,4,0,0,0,56,4,10,0,,0,0,1,0,0,36,0,0,0,8,0,0,,0,0,
281474982543360,9,0,1,0,0,0,175,1,0,0,SQL_Latin1_General_CP1_CI_AS,0,0,0,0,0,40,0,0,0,9,0,0,,0,0,
281474982543360,10,0,6000,0,0,0,165,6000,0,0,,0,0,1,0,0,-3,0,0,0,10,0,0,,0,0,
281474982543360,11,0,8,0,0,0,61,8,23,3,,0,0,0,0,0,41,0,0,0,11,0,0,,0,0,
281474982543360,12,0,8,0,0,0,61,8,23,3,,0,0,0,0,0,49,0,0,0,12,0,0,,0,0,
281474982608896,1,100,4,0,0,0,56,4,10,0,,0,1,0,0,0,4,1,0,0,1,0,0,,0,0,
281474982608896,2,100,4,0,0,0,56,4,10,0,,0,2,0,0,0,8,5,0,0,2,0,0,,0,0,
281474982608896,3,100,4,0,0,0,56,4,10,0,,0,3,0,0,0,12,9,0,0,3,0,0,,0,0,
281474982608896,4,100,8000,0,0,0,231,8000,0,0,Latin1_General_BIN,0,0,0,0,0,-1,0,0,0,4,0,0,,0,0,
281474982674432,1,100,4,0,0,0,56,4,10,0,,0,1,0,0,0,4,1,0,0,1,0,0,,0,0,
281474982674432,2,100,4,0,0,0,56,4,10,0,,0,0,0,0,0,8,0,0,0,2,0,0,,0,0,
281474982674432,3,100,4,0,0,0,56,4,10,0,,0,0,0,0,0,12,0,0,0,3,0,0,,0,0,
281474982674432,4,100,1,0,0,0,48,1,3,0,,0,0,0,0,0,16,0,0,0,4,0,0,,0,0,
281474982674432,5,100,4,0,0,0,56,4,10,0,,0,0,0,0,0,17,0,0,0,5,0,0,,0,0,
281474982674432,6,100,1,0,0,0,175,1,0,0,Latin1_General_BIN,0,0,0,0,0,21,0,0,0,6,0,0,,0,0,
281474982674432,7,100,4,0,0,0,56,4,10,0,,0,0,0,0,0,22,0,0,0,7,0,0,,0,0,
281474982674432,8,100,1,0,0,0,175,1,0,0,Latin1_General_BIN,0,0,0,0,0,26,0,0,0,8,0,0,,0,0,
281474982674432,9,100,1,0,0,0,175,1,0,0,Latin1_General_BIN,0,0,0,0,0,27,0,0,0,9,0,0,,0,0,
281474982674432,10,165,4,0,0,0,56,4,10,0,,0,0,0,0,0,28,0,0,0,10,0,0,,0,0,
281474982674432,11,165,1,0,0,0,175,1,0,0,Latin1_General_BIN,0,0,0,0,0,32,0,0,0,11,0,0,,0,0,
281474982674432,12,165,8000,0,0,0,231,8000,0,0,Latin1_General_BIN,0,0,1,0,0,-1,0,0,0,12,0,0,,0,0,
281474982739968,1,114,4,0,0,0,56,4,10,0,,0,1,0,0,0,4,1,0,0,1,0,0,,0,0,
281474982739968,2,117,4,0,0,0,56,4,10,0,,0,2,0,0,0,8,5,0,0,2,0,0,,0,0,
281474982739968,3,114,2,0,0,0,175,2,0,0,Latin1_General_BIN,0,0,0,0,0,12,0,0,0,3,0,0,,0,0,
281474982739968,4,114,2,0,0,0,52,2,5,0,,0,0,0,0,0,14,0,0,0,4,0,0,,0,0,
281474982739968,5,116,8000,0,0,0,231,8000,0,0,Latin1_General_BIN,0,0,1,0,0,-1,0,0,0,5,0,0,,0,0,
281474982805504,1,19,4,0,0,0,56,4,10,0,,0,1,0,0,0,4,1,0,0,1,0,0,,0,0,
281474982805504,2,19,4,0,0,0,56,4,10,0,,0,2,0,0,0,8,5,0,0,2,0,0,,0,0,
281474982805504,3,19,4,0,0,0,56,4,10,0,,0,0,0,0,0,12,0,0,0,3,0,0,,0,0,
281474982805504,4,19,4,0,0,0,56,4,10,0,,0,0,0,0,0,16,0,0,0,4,0,0,,0,0,
281474982805504,5,19,4,0,0,0,56,4,10,0,,0,0,0,0,0,20,0,0,0,5,0,0,,0,0,
281474982805504,6,19,4,0,0,0,56,4,10,0,,0,0,0,0,0,24,0,0,0,6,0,0,,0,0,
281474982805504,7,19,8000,0,0,0,231,8000,0,0,Latin1_General_BIN,0,0,1,0,0,-1,0,0,0,7,0,0,,0,0,
281474982871040,1,0,1,0,0,0,48,1,3,0,,0,1,0,0,0,4,1,0,0,1,0,0,,0,0,
281474982871040,2,0,4,0,0,0,56,4,10,0,,0,2,0,0,0,5,2,0,0,2,0,0,,0,0,
281474982871040,3,0,32,0,0,0,165,32,0,0,,0,3,0,0,0,-1,-1,0,0,3,0,0,,0,0,
281474982871040,4,0,4,0,0,0,175,4,0,0,Latin1_General_CI_AS_KS_WS,0,0,0,0,0,9,0,0,0,4,0,0,,0,0,
281474982871040,5,0,8000,0,0,0,165,-1,0,0,,0,0,0,0,0,-2,0,0,0,5,0,0,,0,0,
281474982871040,6,0,4,0,0,0,56,4,10,0,,0,0,0,0,0,13,0,0,0,6,0,0,,0,0,
281474982936576,1,0,4,0,0,0,56,4,10,0,,0,1,0,0,0,4,1,0,0,1,0,0,,0,0,
281474982936576,2,0,256,0,0,0,231,256,0,0,SQL_Latin1_General_CP1_CI_AS,0,0,0,0,0,-1,0,0,0,2,0,0,,0,0,
281474982936576,3,0,64,0,0,0,165,64,0,0,,0,0,0,0,0,-2,0,0,0,3,0,0,,0,0,
281474982936576,4,0,4,0,0,0,56,4,10,0,,0,0,0,0,0,8,0,0,0,4,0,0,,0,0,
281474982936576,5,0,2,0,0,0,175,2,0,0,Latin1_General_CI_AS_KS_WS,0,0,0,0,0,12,0,0,0,5,0,0,,0,0,
281474982936576,6,0,8,0,0,0,61,8,23,3,,0,0,0,0,0,14,0,0,0,6,0,0,,0,0,
281474982936576,7,0,4700,0,0,0,165,4700,0,0,,0,0,1,0,0,-3,0,0,0,7,0,0,,0,0,
281474982936576,8,0,2,0,0,0,175,2,0,0,Latin1_General_CI_AS_KS_WS,0,0,0,0,0,22,0,0,0,8,0,0,,0,0,
281474982936576,9,0,8000,0,0,0,165,-1,0,0,,0,0,0,0,0,-4,0,0,0,9,0,0,,0,0,
281474983002112,1,0,4,0,0,0,56,4,10,0,,0,1,0,0,0,4,1,0,0,1,0,0,,0,0,
281474983002112,2,0,256,0,0,0,231,256,0,0,SQL_Latin1_General_CP1_CI_AS,0,0,0,0,0,-1,0,0,0,2,0,0,,0,0,
281474983002112,3,0,1,0,0,0,48,1,3,0,,0,0,0,0,0,8,0,0,0,3,0,0,,0,0,
281474983002112,4,0,4,0,0,0,56,4,10,0,,0,0,0,0,0,9,0,0,0,4,0,0,,0,0,
281474983002112,5,0,20,0,0,0,165,20,0,0,,0,0,1,0,0,-2,0,0,0,5,0,0,,0,0,
281474983002112,6,0,4,0,0,0,56,4,10,0,,0,0,0,0,0,13,0,0,0,6,0,0,,0,0,
281474983002112,7,0,8,0,0,0,61,8,23,3,,0,0,0,0,0,17,0,0,0,7,0,0,,0,0,
281474983002112,8,0,8,0,0,0,61,8,23,3,,0,0,0,0,0,25,0,0,0,8,0,0,,0,0,
281474983002112,9,0,8000,0,0,0,231,-1,0,0,SQL_Latin1_General_CP1_CI_AS,0,0,1,0,0,-3,0,0,0,9,0,0,,0,0,
281474983002112,10,0,8000,0,0,0,231,-1,0,0,SQL_Latin1_General_CP1_CI_AS,0,0,1,0,0,-4,0,0,0,10,0,0,,0,0,
281474983067648,1,3,1,0,0,0,48,1,3,0,,0,1,0,0,0,4,1,0,0,1,0,0,,0,0,
281474983067648,2,3,4,0,0,0,56,4,10,0,,0,2,0,0,0,5,2,0,0,2,0,0,,0,0,
281474983067648,3,3,4,0,0,0,56,4,10,0,,0,3,0,0,0,9,6,0,0,3,0,0,,0,0,
281474983067648,4,3,256,0,0,0,231,256,0,0,Latin1_General_BIN,0,0,0,0,0,-1,0,0,0,4,0,0,,0,0,
281474983067648,5,3,4,0,0,0,56,4,10,0,,0,0,0,0,0,13,0,0,0,5,0,0,,0,0,
281474983067648,6,3,4,0,0,0,56,4,10,0,,0,0,0,0,0,17,0,0,0,6,0,0,,0,0,
281474983133184,1,206,1,0,0,0,48,1,3,0,,0,2,0,0,0,4,5,0,0,1,2,0,,0,0,
281474983133184,2,206,4,0,0,0,56,4,10,0,,0,1,0,0,0,5,1,0,0,2,1,0,,0,0,
281474983133184,3,206,1,0,0,0,48,1,3,0,,0,5,0,0,0,9,6,0,0,3,5,0,,0,0,
281474983133184,4,206,256,0,0,0,231,256,0,0,SQL_Latin1_General_CP1_CI_AS,0,3,0,0,0,-1,-1,0,0,4,3,0,,0,0,
281474983133184,5,206,256,0,0,0,231,256,0,0,SQL_Latin1_General_CP1_CI_AS,0,4,1,0,0,-2,-2,0,0,5,4,0,,0,0,
281474983133184,6,206,256,0,0,0,231,256,0,0,SQL_Latin1_General_CP1_CI_AS,0,0,1,0,0,-3,0,0,0,6,0,0,,0,0,
281474983133184,7,206,256,0,0,0,231,256,0,0,SQL_Latin1_General_CP1_CI_AS,0,0,1,0,0,-4,0,0,0,7,0,0,,0,0,
281474983133184,8,206,4,0,0,0,56,4,10,0,,0,6,0,0,0,10,7,0,0,8,6,0,,0,0,
281474983133184,9,206,4,0,0,0,56,4,10,0,,0,0,0,0,0,14,0,0,0,9,0,0,,0,0,
562949953880064,1,0,8,0,0,0,127,8,19,0,,0,1,0,0,0,1,1,0,0,1,0,0,,0,0,
562949953880064,2,0,1,0,0,0,48,1,3,0,,0,2,0,0,0,9,9,0,0,2,0,0,,0,0,
562949953880064,3,0,8,0,0,0,127,8,19,0,,0,3,0,0,0,10,10,0,0,3,0,0,,0,0,
562949954535424,1,0,4,0,0,0,56,4,10,0,,0,1,1,0,0,1,1,0,0,1,1,0,,0,0,
562949954535424,2,0,4,0,0,0,56,4,10,0,,0,2,1,0,0,5,5,0,0,2,2,0,,0,0,
562949954535424,3,0,512,0,0,0,231,512,0,0,SQL_Latin1_General_CP1_CI_AS,0,3,1,0,0,-1,-1,0,0,3,3,0,,0,0,
562949954535424,4,0,1,0,0,0,48,1,3,0,,0,0,0,0,0,9,0,0,0,4,0,0,,0,0,
562949954535424,5,0,4,0,0,0,56,4,10,0,,0,0,0,0,0,10,0,0,0,5,0,0,,0,0,
562949954600960,1,0,4,0,0,0,56,4,10,0,,0,1,0,0,0,1,1,0,0,1,0,0,,0,0,
562949954600960,2,0,4,0,0,0,56,4,10,0,,0,2,0,0,0,5,5,0,0,2,0,0,,0,0,
562949954600960,3,0,4,0,0,0,56,4,10,0,,0,3,0,0,0,9,9,0,0,3,0,0,,0,0,
562949954600960,4,0,4,0,0,0,56,4,10,0,,0,0,0,0,0,13,0,0,0,4,0,0,,0,0,
562949955190784,1,0,256,0,0,0,231,256,0,0,SQL_Latin1_General_CP1_CI_AS,0,1,0,0,0,-1,-1,0,0,0,0,0,,0,0,
562949955190784,2,0,4,0,0,0,56,4,10,0,,0,0,0,0,0,1,0,0,0,0,0,0,,0,0,
562949955256320,1,0,256,0,0,0,231,256,0,0,SQL_Latin1_General_CP1_CI_AS,0,1,0,0,0,-1,-1,0,0,1,0,0,,0,0,
562949955256320,2,0,4,0,0,0,56,4,10,0,,0,0,0,0,0,1,0,0,0,2,0,0,,0,0,
562949955649536,1,0,1,0,0,0,48,1,3,0,,0,1,0,0,0,1,1,0,0,0,0,0,,0,0,
562949955649536,2,0,4,0,0,0,56,4,10,0,,0,2,0,0,0,2,2,0,0,0,0,0,,0,0,
562949955649536,3,0,256,0,0,0,231,256,0,0,SQL_Latin1_General_CP1_CI_AS,0,3,0,0,0,-1,-1,0,0,0,0,0,,0,0,
562949955649536,4,0,4,0,0,0,56,4,10,0,,0,0,0,0,0,6,0,0,0,0,0,0,,0,0,
562949955780608,1,0,256,0,0,0,231,256,0,0,SQL_Latin1_General_CP1_CI_AS,0,1,0,0,0,-1,-1,0,0,1,0,0,,0,0,
562949955780608,2,0,4,0,0,0,56,4,10,0,,0,0,0,0,0,1,0,0,0,2,0,0,,0,0,
562949955911680,1,0,256,0,0,0,231,256,0,0,SQL_Latin1_General_CP1_CI_AS,0,1,0,0,0,-1,-1,0,0,1,0,0,,0,0,
562949955911680,2,0,4,0,0,0,56,4,10,0,,0,0,0,0,0,1,0,0,0,2,0,0,,0,0,
562949956042752,1,0,1,0,0,0,48,1,3,0,,0,1,0,0,0,1,1,0,0,1,0,0,,0,0,
562949956042752,2,0,4,0,0,0,56,4,10,0,,0,2,0,0,0,2,2,0,0,2,0,0,,0,0,
562949956042752,3,0,4,0,0,0,56,4,10,0,,0,3,0,0,0,6,6,0,0,3,0,0,,0,0,
562949956042752,4,0,4,0,0,0,56,4,10,0,,0,4,0,0,0,10,10,0,0,4,0,0,,0,0,
562949956042752,5,0,4,0,0,0,56,4,10,0,,0,5,0,0,0,14,14,0,0,5,0,0,,0,0,
562949956042752,6,0,4,0,0,0,56,4,10,0,,0,6,0,0,0,18,18,0,0,6,0,0,,0,0,
562949956108288,1,0,4,0,0,0,56,4,10,0,,0,1,0,0,0,1,1,0,0,1,1,0,,0,0,
562949956108288,2,0,256,0,0,0,231,256,0,0,SQL_Latin1_General_CP1_CI_AS,0,2,1,0,0,-1,-1,0,0,2,2,0,,0,0,
562949956108288,3,0,2,0,0,0,52,2,5,0,,0,3,0,0,0,5,5,0,0,3,3,0,,0,0,
562949956108288,4,0,4,0,0,0,56,4,10,0,,0,0,0,0,0,7,0,0,0,4,0,0,,0,0,
562949956173824,1,0,256,0,0,0,231,256,0,0,SQL_Latin1_General_CP1_CI_AS,0,1,0,0,0,-1,-1,0,0,1,0,0,,0,0,
562949956173824,2,0,4,0,0,0,56,4,10,0,,0,0,0,0,0,1,0,0,0,2,0,0,,0,0,
562949956239360,1,0,256,0,0,0,231,256,0,0,SQL_Latin1_General_CP1_CI_AS,0,1,0,0,0,-1,-1,0,0,1,0,0,,0,0,
562949956239360,2,0,4,0,0,0,56,4,10,0,,0,0,0,0,0,1,0,0,0,2,0,0,,0,0,
562949956304896,1,0,256,0,0,0,231,256,0,0,SQL_Latin1_General_CP1_CI_AS,0,1,0,0,0,-1,-1,0,0,0,0,0,,0,0,
562949956304896,2,0,4,0,0,0,56,4,10,0,,0,2,0,0,0,1,1,0,0,0,0,0,,0,0,
562949956304896,3,0,1,0,0,0,48,1,3,0,,0,3,0,0,0,5,5,0,0,0,0,0,,0,0,
562949956304896,4,0,4,0,0,0,56,4,10,0,,0,0,0,0,0,6,0,0,0,0,0,0,,0,0,
562949956435968,1,0,256,0,0,0,231,256,0,0,SQL_Latin1_General_CP1_CI_AS,0,1,0,0,0,-1,-1,0,0,0,0,0,,0,0,
562949956435968,2,0,4,0,0,0,56,4,10,0,,0,0,0,0,0,1,0,0,0,0,0,0,,0,0,
562949956698112,1,0,4,0,0,0,56,4,10,0,,0,1,0,0,0,1,1,0,0,0,0,0,,0,0,
562949956698112,2,0,256,0,0,0,231,256,0,0,SQL_Latin1_General_CP1_CI_AS,0,2,0,0,0,-1,-1,0,0,0,0,0,,0,0,
562949956698112,3,0,4,0,0,0,56,4,10,0,,0,0,0,0,0,5,0,0,0,0,0,0,,0,0,
562949956763648,1,0,256,0,0,0,231,256,0,0,Latin1_General_BIN,0,1,1,0,0,-1,-1,0,0,1,1,0,,0,0,
562949956763648,2,0,4,0,0,0,56,4,10,0,,0,2,0,0,0,1,1,0,0,2,2,0,,0,0,
562949956763648,3,0,1,0,0,0,48,1,3,0,,0,3,0,0,0,5,5,0,0,3,3,0,,0,0,
562949956763648,4,0,4,0,0,0,56,4,10,0,,0,0,0,0,0,6,0,0,0,4,0,0,,0,0,
562949956960256,1,0,256,0,0,0,231,256,0,0,SQL_Latin1_General_CP1_CI_AS,0,1,1,0,0,-1,-1,0,0,1,1,0,,0,0,
562949956960256,2,0,4,0,0,0,56,4,10,0,,0,2,0,0,0,1,1,0,0,2,2,0,,0,0,
562949956960256,3,0,4,0,0,0,56,4,10,0,,0,0,0,0,0,5,0,0,0,3,0,0,,0,0,
562949957025792,1,0,4,0,0,0,56,4,10,0,,0,1,0,0,0,1,1,0,0,1,0,0,,0,0,
562949957025792,2,0,4,0,0,0,56,4,10,0,,0,2,0,0,0,5,5,0,0,2,0,0,,0,0,
562949957025792,3,0,4,0,0,0,56,4,10,0,,0,3,0,0,0,9,9,0,0,3,0,0,,0,0,
562949957025792,4,0,4,0,0,0,56,4,10,0,,0,4,0,0,0,13,13,0,0,4,0,0,,0,0,
562949957091328,1,0,256,0,0,0,231,256,0,0,SQL_Latin1_General_CP1_CI_AS,0,1,0,0,0,-1,-1,0,0,1,0,0,,0,0,
562949957091328,2,0,4,0,0,0,56,4,10,0,,0,0,0,0,0,1,0,0,0,2,0,0,,0,0,
562949957222400,1,0,1,0,0,0,48,1,3,0,,0,1,0,0,0,1,1,0,0,0,0,0,,0,0,
562949957222400,2,0,4,0,0,0,56,4,10,0,,0,2,0,0,0,2,2,0,0,0,0,0,,0,0,
562949957222400,3,0,256,0,0,0,231,256,0,0,Latin1_General_BIN,0,3,0,0,0,-1,-1,0,0,0,0,0,,0,0,
562949957222400,4,0,4,0,0,0,56,4,10,0,,0,0,0,0,0,6,0,0,0,0,0,0,,0,0,
562949957615616,1,0,256,0,0,0,231,256,0,0,SQL_Latin1_General_CP1_CI_AS,0,1,0,0,0,-1,-1,0,0,0,0,0,,0,0,
562949957615616,2,0,1,0,0,0,48,1,3,0,,0,2,0,0,0,1,1,0,0,0,0,0,,0,0,
562949957615616,3,0,4,0,0,0,56,4,10,0,,0,0,0,0,0,2,0,0,0,0,0,0,,0,0,
562949957812224,1,0,256,0,0,0,231,256,0,0,SQL_Latin1_General_CP1_CI_AS,0,1,0,0,0,-1,-1,0,0,0,0,0,,0,0,
562949957812224,2,0,4,0,0,0,56,4,10,0,,0,0,0,0,0,1,0,0,0,0,0,0,,0,0,
562949957943296,1,0,512,0,0,0,231,512,0,0,Latin1_General_BIN,0,1,1,0,0,-1,-1,0,0,1,1,0,,0,0,
562949957943296,2,0,256,0,0,0,231,256,0,0,Latin1_General_BIN,0,2,1,0,0,-2,-2,0,0,2,2,0,,0,0,
562949957943296,3,0,4,0,0,0,56,4,10,0,,0,3,0,0,0,1,1,0,0,3,3,0,,0,0,
562949958270976,1,0,4,0,0,0,56,4,10,0,,0,1,0,0,0,1,1,0,0,0,0,0,,0,0,
562949958270976,2,0,1,0,0,0,48,1,3,0,,0,2,0,0,0,5,5,0,0,0,0,0,,0,0,
562949958270976,3,0,4,0,0,0,56,4,10,0,,0,3,0,0,0,6,6,0,0,0,0,0,,0,0,
562949958270976,4,0,4,0,0,0,56,4,10,0,,0,4,0,0,0,10,10,0,0,0,0,0,,0,0,
562949958270976,5,0,4,0,0,0,56,4,10,0,,0,5,0,0,0,14,14,0,0,0,0,0,,0,0,
562949958336512,1,0,4,0,0,0,56,4,10,0,,0,1,0,0,0,1,1,0,0,0,0,0,,0,0,
562949958336512,2,0,1,0,0,0,48,1,3,0,,0,2,0,0,0,5,5,0,0,0,0,0,,0,0,
562949958336512,3,0,4,0,0,0,56,4,10,0,,0,3,0,0,0,6,6,0,0,0,0,0,,0,0,
562949958336512,4,0,4,0,0,0,56,4,10,0,,0,4,0,0,0,10,10,0,0,0,0,0,,0,0,
562949958336512,5,0,4,0,0,0,56,4,10,0,,0,5,0,0,0,14,14,0,0,0,0,0,,0,0,
562949958533120,1,0,16,0,0,0,36,16,0,0,,0,1,0,0,0,1,1,0,0,0,0,0,,0,0,
562949958533120,2,0,1,0,0,0,48,1,3,0,,0,2,0,0,0,17,17,0,0,0,0,0,,0,0,
562949958533120,3,0,4,0,0,0,56,4,10,0,,0,0,0,0,0,18,0,0,0,0,0,0,,0,0,
562949958533120,4,0,4,0,0,0,56,4,10,0,,0,0,0,0,0,22,0,0,0,0,0,0,,0,0,
562949959057408,1,0,4,0,0,0,56,4,10,0,,0,1,0,0,0,1,1,0,0,1,0,0,,0,0,
562949959057408,2,0,512,0,0,0,231,512,0,0,SQL_Latin1_General_CP437_CS_AS,0,2,0,0,0,-1,-1,0,0,2,0,0,,0,0,
562949959057408,3,0,4,0,0,0,56,4,10,0,,0,0,0,0,0,5,0,0,0,3,0,0,,0,0,
562949959254016,1,0,4,0,0,0,56,4,10,0,,0,1,0,0,0,1,1,0,0,1,1,0,,0,0,
562949959254016,2,0,512,0,0,0,165,512,0,0,,0,2,0,0,0,-1,-1,0,0,2,2,0,,0,0,
562949959254016,3,0,512,0,0,0,165,512,0,0,,0,3,1,0,0,-2,-2,0,0,3,3,0,,0,0,
562949959254016,4,0,4,0,0,0,56,4,10,0,,0,0,0,0,0,5,0,0,0,4,0,0,,0,0,
562949959319552,1,0,4,0,0,0,56,4,10,0,,0,1,0,0,0,1,1,0,0,0,0,0,,0,0,
562949959319552,2,0,4,0,0,0,56,4,10,0,,0,0,0,0,0,5,0,0,0,0,0,0,,0,0,
562949959319552,3,0,4,0,0,0,56,4,10,0,,0,0,0,0,0,9,0,0,0,0,0,0,,0,0,
562949959385088,1,0,4,0,0,0,56,4,10,0,,0,1,0,0,0,1,1,0,0,0,0,0,,0,0,
562949959385088,2,0,4,0,0,0,56,4,10,0,,0,2,0,0,0,5,5,0,0,0,0,0,,0,0,
562949959385088,3,0,1,0,0,0,48,1,3,0,,0,3,0,0,0,9,9,0,0,0,0,0,,0,0,
562949959385088,4,0,4,0,0,0,56,4,10,0,,0,4,0,0,0,10,10,0,0,0,0,0,,0,0,
562949959385088,5,0,1,0,0,0,175,1,0,0,Latin1_General_BIN,0,5,0,0,0,14,14,0,0,0,0,0,,0,0,
562949959385088,6,0,4,0,0,0,56,4,10,0,,0,6,0,0,0,15,15,0,0,0,0,0,,0,0,
562949959385088,7,0,4,0,0,0,56,4,10,0,,0,0,0,0,0,19,0,0,0,0,0,0,,0,0,
562949959516160,1,0,4,0,0,0,56,4,10,0,,0,1,0,0,0,1,1,0,0,0,0,0,,0,0,
562949959516160,2,0,4,0,0,0,56,4,10,0,,0,2,0,0,0,5,5,0,0,0,0,0,,0,0,
562949959516160,3,0,4,0,0,0,56,4,10,0,,0,3,0,0,0,9,9,0,0,0,0,0,,0,0,
562949959647232,1,0,256,0,0,0,231,256,0,0,SQL_Latin1_General_CP1_CI_AS,0,1,0,0,0,-1,-1,0,0,0,0,0,,0,0,
562949959647232,2,0,4,0,0,0,56,4,10,0,,0,0,0,0,0,1,0,0,0,0,0,0,,0,0,
562949959712768,1,0,256,0,0,0,231,256,0,0,SQL_Latin1_General_CP1_CI_AS,0,1,0,0,0,-1,-1,0,0,0,0,0,,0,0,
562949959712768,2,0,4,0,0,0,56,4,10,0,,0,0,0,0,0,1,0,0,0,0,0,0,,0,0,
562949959778304,1,0,256,0,0,0,231,256,0,0,Latin1_General_BIN,0,1,0,0,0,-1,-1,0,0,0,0,0,,0,0,
562949959778304,2,0,4,0,0,0,56,4,10,0,,0,2,0,0,0,1,1,0,0,0,0,0,,0,0,
562949959778304,3,0,1,0,0,0,48,1,3,0,,0,3,0,0,0,5,5,0,0,0,0,0,,0,0,
562949959778304,4,0,4,0,0,0,56,4,10,0,,0,0,0,0,0,6,0,0,0,0,0,0,,0,0,
562949959843840,1,0,256,0,0,0,231,256,0,0,SQL_Latin1_General_CP1_CI_AS,0,1,0,0,0,-1,-1,0,0,1,1,0,,0,0,
562949959843840,2,0,256,0,0,0,231,256,0,0,SQL_Latin1_General_CP1_CI_AS,0,2,1,0,0,-2,-2,0,0,2,2,0,,0,0,
562949959843840,3,0,1,0,0,0,48,1,3,0,,0,3,0,0,0,1,1,0,0,3,3,0,,0,0,
562949959843840,4,0,4,0,0,0,56,4,10,0,,0,4,0,0,0,2,2,0,0,4,4,0,,0,0,
562949959843840,5,0,1,0,0,0,48,1,3,0,,0,5,0,0,0,6,6,0,0,5,5,0,,0,0,
562949959843840,6,0,4,0,0,0,56,4,10,0,,0,6,0,0,0,7,7,0,0,6,6,0,,0,0,
844424931246080,1,0,256,0,0,0,231,256,0,0,SQL_Latin1_General_CP1_CI_AS,0,1,0,0,0,-1,-1,0,0,1,0,0,,0,0,
844424931246080,2,0,4,0,0,0,56,4,10,0,,0,0,0,0,0,1,0,0,0,2,0,0,,0,0,
844424931901440,1,0,85,0,0,0,165,85,0,0,,0,1,1,0,0,-1,-1,0,0,1,1,0,,0,0,
844424931901440,2,0,4,0,0,0,56,4,10,0,,0,2,0,0,0,1,1,0,0,2,2,0,,0,0,
844424931966976,1,0,16,0,0,0,36,16,0,0,,0,1,0,0,0,1,1,0,0,1,0,0,,0,0,
844424931966976,2,0,4,0,0,0,56,4,10,0,,0,2,0,0,0,17,17,0,0,2,0,0,,0,0,
844424931966976,3,0,4,0,0,0,56,4,10,0,,0,0,0,0,0,21,0,0,0,3,0,0,,0,0,
844424932360192,1,0,256,0,0,0,231,256,0,0,SQL_Latin1_General_CP1_CI_AS,0,1,0,0,0,-1,-1,0,0,0,0,0,,0,0,
844424932360192,2,0,4,0,0,0,56,4,10,0,,0,2,0,0,0,1,1,0,0,0,0,0,,0,0,
844424932360192,3,0,1,0,0,0,48,1,3,0,,0,3,0,0,0,5,5,0,0,0,0,0,,0,0,
844424932360192,4,0,4,0,0,0,56,4,10,0,,0,0,0,0,0,6,0,0,0,0,0,0,,0,0,
844424932884480,1,0,85,0,0,0,165,85,0,0,,0,1,1,0,0,-1,-1,0,0,1,1,0,,0,0,
844424932884480,2,0,4,0,0,0,56,4,10,0,,0,0,0,0,0,1,0,0,0,2,0,0,,0,0,
844424933146624,1,0,884,0,0,0,165,884,0,0,,0,1,0,0,0,-1,-1,0,0,0,0,0,,0,0,
844424933146624,2,0,32,0,0,0,165,32,0,0,,0,2,0,0,0,-2,-2,0,0,0,0,0,,0,0,
844424933146624,3,0,4,0,0,0,56,4,10,0,,0,0,0,0,0,1,0,0,0,0,0,0,,0,0,
844424933408768,1,0,256,0,0,0,231,256,0,0,SQL_Latin1_General_CP1_CI_AS,0,1,0,0,0,-1,-1,0,0,0,0,0,,0,0,
844424933408768,2,0,4,0,0,0,56,4,10,0,,0,2,0,0,0,1,1,0,0,0,0,0,,0,0,
844424933408768,3,0,4,0,0,0,56,4,10,0,,0,0,0,0,0,5,0,0,0,0,0,0,,0,0,
844424934522880,1,0,4,0,0,0,56,4,10,0,,0,1,0,0,0,1,1,0,0,1,1,0,,0,0,
844424934522880,2,0,512,0,0,0,231,512,0,0,Latin1_General_BIN,0,2,1,0,0,-1,-1,0,0,2,2,0,,0,0,
844424934522880,3,0,4,0,0,0,56,4,10,0,,0,0,0,0,0,5,0,0,0,3,0,0,,0,0,
844424934653952,1,0,256,0,0,0,231,256,0,0,SQL_Latin1_General_CP1_CI_AS,0,1,0,0,0,-1,-1,0,0,0,0,0,,0,0,
844424934653952,2,0,4,0,0,0,56,4,10,0,,0,0,0,0,0,1,0,0,0,0,0,0,,0,0,
844424935768064,1,0,4,0,0,0,56,4,10,0,,0,1,0,0,0,1,1,0,0,1,0,0,,0,0,
844424935768064,2,0,16,0,0,0,36,16,0,0,,0,2,0,0,0,5,5,0,0,2,0,0,,0,0,
844424935768064,3,0,4,0,0,0,56,4,10,0,,0,3,0,0,0,21,21,0,0,3,0,0,,0,0,
844424935768064,4,0,4,0,0,0,56,4,10,0,,0,0,0,0,0,25,0,0,0,4,0,0,,0,0,
844424936357888,1,0,64,0,0,0,165,64,0,0,,0,1,0,0,0,-1,-1,0,0,0,0,0,,0,0,
844424936357888,2,0,4,0,0,0,56,4,10,0,,0,0,0,0,0,1,0,0,0,0,0,0,,0,0,
844424936423424,1,0,1,0,0,0,48,1,3,0,,0,1,0,0,0,1,1,0,0,1,1,0,,0,0,
844424936423424,2,0,4,0,0,0,56,4,10,0,,0,2,0,0,0,2,2,0,0,2,2,0,,0,0,
844424936423424,3,0,20,0,0,0,165,20,0,0,,0,3,1,0,0,-1,-1,0,0,3,3,0,,0,0,
844424936423424,4,0,4,0,0,0,56,4,10,0,,0,4,0,0,0,6,6,0,0,4,4,0,,0,0,
1125899909070848,1,0,4,0,0,0,56,4,10,0,,0,1,0,0,0,1,1,0,0,0,0,0,,0,0,
1125899909070848,2,0,1,0,0,0,48,1,3,0,,0,2,0,0,0,5,5,0,0,0,0,0,,0,0,
1125899909070848,3,0,4,0,0,0,56,4,10,0,,0,3,0,0,0,6,6,0,0,0,0,0,,0,0,
1125899909857280,1,0,64,0,0,0,165,64,0,0,,0,1,0,0,0,-1,-1,0,0,0,0,0,,0,0,
1125899909857280,2,0,4,0,0,0,56,4,10,0,,0,0,0,0,0,1,0,0,0,0,0,0,,0,0,
72057594038386688,1,0,4,0,0,0,56,4,10,0,,0,1,0,0,0,4,1,0,0,1,1,0,,0,0,
72057594038386688,2,0,4,0,0,0,56,4,10,0,,0,2,0,0,0,8,5,0,0,2,2,0,,0,0,
72057594038386688,3,0,4,0,0,0,56,4,10,0,,0,3,0,0,0,12,9,0,0,3,3,0,,0,0,
72057594038386688,4,0,4,0,0,0,56,4,10,0,,0,0,0,0,0,16,0,0,0,4,0,0,,0,0,
72057594038386688,5,0,16,0,0,0,36,16,0,0,,0,0,0,0,0,20,0,0,0,5,0,0,,0,0,
72057594038386688,6,0,16,0,0,0,36,16,0,0,,0,0,1,0,0,36,0,0,0,6,0,0,,0,0,
72057594038386688,7,0,520,0,0,0,231,520,0,0,Latin1_General_BIN,0,0,1,0,0,-1,0,0,0,7,0,0,,0,0,
72057594038386688,8,0,8,0,0,0,127,8,19,0,,0,0,0,0,0,52,0,0,0,8,0,0,,0,0,
72057594038386688,9,0,8,0,0,0,127,8,19,0,,0,0,0,0,0,60,0,0,0,9,0,0,,0,0,
72057594038386688,10,0,8,0,0,0,127,8,19,0,,0,0,1,0,0,68,0,0,0,10,0,0,,0,0,
72057594038452224,1,0,4,0,0,0,56,4,10,0,,0,1,0,0,0,1,1,0,0,1,1,0,,0,0,
72057594038452224,2,0,16,0,0,0,36,16,0,0,,0,2,0,0,0,5,5,0,0,2,2,0,,0,0,
72057594038452224,3,0,16,0,0,0,36,16,0,0,,0,3,1,0,0,21,21,0,0,3,3,0,,0,0,
72057594038452224,4,0,4,0,0,0,56,4,10,0,,0,4,0,0,0,37,37,0,0,4,4,0,,0,0,
72057594038452224,5,0,4,0,0,0,56,4,10,0,,0,5,0,0,0,41,41,0,0,5,5,0,,0,0,
72057594038452224,6,0,4,0,0,0,56,4,10,0,,0,6,0,0,0,45,45,0,0,6,6,0,,0,0,
72057594038583296,1,0,8,0,0,0,127,8,19,0,,0,1,0,0,0,4,1,0,0,1,1,0,,0,0,
72057594038583296,2,0,8,0,0,0,127,8,19,0,,0,2,0,0,0,12,9,0,0,2,2,0,,0,0,
72057594038583296,3,0,8,0,0,0,127,8,19,0,,0,0,0,0,0,20,0,0,0,3,0,0,,0,0,
72057594038583296,4,0,8,0,0,0,127,8,19,0,,0,0,0,0,0,28,0,0,0,4,0,0,,0,0,
72057594038583296,5,0,8,0,0,0,61,8,23,3,,0,0,0,0,0,36,0,0,0,5,0,0,,0,0,
72057594038583296,6,0,4,0,0,0,56,4,10,0,,0,0,0,0,0,44,0,0,0,6,0,0,,0,0,
72057594038648832,1,0,8,0,0,0,127,8,19,0,,0,1,0,0,0,1,1,0,0,1,1,0,,0,0,
72057594038648832,2,0,4,0,0,0,56,4,10,0,,0,0,0,0,0,9,0,0,0,2,0,0,,0,0,
72057594038648832,3,0,8,0,0,0,127,8,19,0,,0,0,0,0,0,13,0,0,0,3,0,0,,0,0,
72057594038714368,1,0,1,0,0,0,48,1,3,0,,0,1,0,0,0,4,1,0,0,1,1,0,,0,0,
72057594038714368,4,0,16,0,0,0,36,16,0,0,,0,2,0,0,0,5,2,0,0,2,2,0,,0,0,
72057594038714368,2,0,1,0,0,0,48,1,3,0,,0,3,0,0,0,21,18,0,0,3,3,0,,0,0,
72057594038714368,5,0,16,0,0,0,36,16,0,0,,0,4,0,0,0,22,19,0,0,4,4,0,,0,0,
72057594038714368,3,0,8,0,0,0,127,8,19,0,,0,5,0,0,0,38,35,0,0,5,5,0,,0,0,
72057594038714368,6,0,8,0,0,0,127,8,19,0,,0,0,0,0,0,46,0,0,0,6,0,0,,0,0,
72057594038714368,7,0,16,0,0,0,36,16,0,0,,0,0,0,0,0,54,0,0,0,7,0,0,,0,0,
72057594038714368,8,0,4,0,0,0,56,4,10,0,,0,0,0,0,0,70,0,0,0,8,0,0,,0,0,
72057594038714368,9,0,4,0,0,0,56,4,10,0,,0,0,0,0,0,74,0,0,0,9,0,0,,0,0,
72057594038714368,10,0,4,0,0,0,56,4,10,0,,0,0,0,0,0,78,0,0,0,10,0,0,,0,0,
72057594038714368,11,0,2,0,0,0,239,2,0,0,Latin1_General_BIN,0,0,0,0,0,82,0,0,0,11,0,0,,0,0,
72057594038714368,12,0,4,0,0,0,56,4,10,0,,0,0,0,0,0,84,0,0,0,12,0,0,,0,0,
72057594038714368,13,0,4,0,0,0,56,4,10,0,,0,0,0,0,0,88,0,0,0,13,0,0,,0,0,
72057594038714368,14,0,8,0,0,0,127,8,19,0,,0,0,0,0,0,92,0,0,0,14,0,0,,0,0,
72057594038714368,15,0,8000,0,0,0,165,-1,0,0,,0,0,1,0,0,-1,0,0,0,15,0,0,,0,0,
72057594038714368,16,0,8,0,0,0,61,8,23,3,,0,0,1,0,0,100,0,0,0,16,0,0,,0,0,
72057594038779904,1,0,1,0,0,0,48,1,3,0,,0,1,0,0,0,1,1,0,0,1,1,0,,0,0,
72057594038779904,2,0,1,0,0,0,48,1,3,0,,0,2,0,0,0,2,2,0,0,2,2,0,,0,0,
72057594038779904,3,0,8,0,0,0,127,8,19,0,,0,3,0,0,0,3,3,0,0,3,3,0,,0,0,
72057594038779904,4,0,16,0,0,0,36,16,0,0,,0,4,0,0,0,11,11,0,0,4,4,0,,0,0,
72057594038779904,5,0,16,0,0,0,36,16,0,0,,0,5,0,0,0,27,27,0,0,5,5,0,,0,0,
72057594038779904,6,0,4,0,0,0,56,4,10,0,,0,6,0,0,0,43,43,0,0,6,6,0,,0,0,
72057594038845440,1,0,1,0,0,0,48,1,3,0,,0,1,0,0,0,4,1,0,0,1,1,0,,0,0,
72057594038845440,4,0,16,0,0,0,36,16,0,0,,0,2,0,0,0,5,2,0,0,2,2,0,,0,0,
72057594038845440,2,0,1,0,0,0,48,1,3,0,,0,3,0,0,0,21,18,0,0,3,3,0,,0,0,
72057594038845440,5,0,16,0,0,0,36,16,0,0,,0,4,0,0,0,22,19,0,0,4,4,0,,0,0,
72057594038845440,3,0,8,0,0,0,127,8,19,0,,0,5,0,0,0,38,35,0,0,5,5,0,,0,0,
72057594038845440,6,0,8,0,0,0,127,8,19,0,,0,0,0,0,0,46,0,0,0,6,0,0,,0,0,
72057594038845440,7,0,16,0,0,0,36,16,0,0,,0,0,0,0,0,54,0,0,0,7,0,0,,0,0,
72057594038845440,8,0,4,0,0,0,56,4,10,0,,0,0,0,0,0,70,0,0,0,8,0,0,,0,0,
72057594038845440,9,0,4,0,0,0,56,4,10,0,,0,0,0,0,0,74,0,0,0,9,0,0,,0,0,
72057594038845440,10,0,4,0,0,0,56,4,10,0,,0,0,0,0,0,78,0,0,0,10,0,0,,0,0,
72057594038845440,11,0,2,0,0,0,239,2,0,0,Latin1_General_BIN,0,0,0,0,0,82,0,0,0,11,0,0,,0,0,
72057594038845440,12,0,4,0,0,0,56,4,10,0,,0,0,0,0,0,84,0,0,0,12,0,0,,0,0,
72057594038845440,13,0,4,0,0,0,56,4,10,0,,0,0,0,0,0,88,0,0,0,13,0,0,,0,0,
72057594038845440,14,0,8,0,0,0,127,8,19,0,,0,0,0,0,0,92,0,0,0,14,0,0,,0,0,
72057594038845440,15,0,8000,0,0,0,165,-1,0,0,,0,0,1,0,0,-1,0,0,0,15,0,0,,0,0,
72057594038845440,16,0,8,0,0,0,61,8,23,3,,0,0,1,0,0,100,0,0,0,16,0,0,,0,0,
72057594038910976,1,0,1,0,0,0,48,1,3,0,,0,1,0,0,0,1,1,0,0,1,1,0,,0,0,
72057594038910976,2,0,1,0,0,0,48,1,3,0,,0,2,0,0,0,2,2,0,0,2,2,0,,0,0,
72057594038910976,3,0,8,0,0,0,127,8,19,0,,0,3,0,0,0,3,3,0,0,3,3,0,,0,0,
72057594038910976,4,0,16,0,0,0,36,16,0,0,,0,4,0,0,0,11,11,0,0,4,4,0,,0,0,
72057594038910976,5,0,16,0,0,0,36,16,0,0,,0,5,0,0,0,27,27,0,0,5,5,0,,0,0,
72057594038910976,6,0,4,0,0,0,56,4,10,0,,0,6,0,0,0,43,43,0,0,6,6,0,,0,0,
72057594038976512,1,0,1,0,0,0,48,1,3,0,,0,1,0,0,0,4,1,0,0,1,1,0,,0,0,
72057594038976512,4,0,16,0,0,0,36,16,0,0,,0,2,0,0,0,5,2,0,0,2,2,0,,0,0,
72057594038976512,2,0,1,0,0,0,48,1,3,0,,0,3,0,0,0,21,18,0,0,3,3,0,,0,0,
72057594038976512,5,0,16,0,0,0,36,16,0,0,,0,4,0,0,0,22,19,0,0,4,4,0,,0,0,
72057594038976512,3,0,8,0,0,0,127,8,19,0,,0,5,0,0,0,38,35,0,0,5,5,0,,0,0,
72057594038976512,6,0,8,0,0,0,127,8,19,0,,0,0,0,0,0,46,0,0,0,6,0,0,,0,0,
72057594038976512,7,0,16,0,0,0,36,16,0,0,,0,0,0,0,0,54,0,0,0,7,0,0,,0,0,
72057594038976512,8,0,4,0,0,0,56,4,10,0,,0,0,0,0,0,70,0,0,0,8,0,0,,0,0,
72057594038976512,9,0,4,0,0,0,56,4,10,0,,0,0,0,0,0,74,0,0,0,9,0,0,,0,0,
72057594038976512,10,0,4,0,0,0,56,4,10,0,,0,0,0,0,0,78,0,0,0,10,0,0,,0,0,
72057594038976512,11,0,2,0,0,0,239,2,0,0,Latin1_General_BIN,0,0,0,0,0,82,0,0,0,11,0,0,,0,0,
72057594038976512,12,0,4,0,0,0,56,4,10,0,,0,0,0,0,0,84,0,0,0,12,0,0,,0,0,
72057594038976512,13,0,4,0,0,0,56,4,10,0,,0,0,0,0,0,88,0,0,0,13,0,0,,0,0,
72057594038976512,14,0,8,0,0,0,127,8,19,0,,0,0,0,0,0,92,0,0,0,14,0,0,,0,0,
72057594038976512,15,0,8000,0,0,0,165,-1,0,0,,0,0,1,0,0,-1,0,0,0,15,0,0,,0,0,
72057594038976512,16,0,8,0,0,0,61,8,23,3,,0,0,1,0,0,100,0,0,0,16,0,0,,0,0,
72057594039042048,1,0,1,0,0,0,48,1,3,0,,0,1,0,0,0,1,1,0,0,1,1,0,,0,0,
72057594039042048,2,0,1,0,0,0,48,1,3,0,,0,2,0,0,0,2,2,0,0,2,2,0,,0,0,
72057594039042048,3,0,8,0,0,0,127,8,19,0,,0,3,0,0,0,3,3,0,0,3,3,0,,0,0,
72057594039042048,4,0,16,0,0,0,36,16,0,0,,0,4,0,0,0,11,11,0,0,4,4,0,,0,0,
72057594039042048,5,0,16,0,0,0,36,16,0,0,,0,5,0,0,0,27,27,0,0,5,5,0,,0,0,
72057594039042048,6,0,4,0,0,0,56,4,10,0,,0,6,0,0,0,43,43,0,0,6,6,0,,0,0,
72057594039173120,1,0,8,0,0,0,127,8,19,0,,0,1,0,0,0,4,1,0,0,1,1,0,,0,0,
72057594039173120,2,0,4,0,0,0,56,4,10,0,,0,2,0,0,0,12,9,0,0,2,2,0,,0,0,
72057594039173120,3,0,4,0,0,0,56,4,10,0,,0,3,0,0,0,16,13,0,0,3,3,0,,0,0,
72057594039173120,4,0,4,0,0,0,56,4,10,0,,0,4,0,0,0,20,17,0,0,4,4,0,,0,0,
72057594039173120,5,0,16,0,0,0,36,16,0,0,,0,5,0,0,0,24,21,0,0,5,5,0,,0,0,
72057594040418304,1,0,16,0,0,0,36,16,0,0,,0,1,0,0,0,4,1,0,0,1,1,0,,0,0,
72057594040418304,2,0,256,0,0,0,231,256,0,0,SQL_Latin1_General_CP1_CI_AS,0,0,0,0,0,-1,0,0,0,2,0,0,,0,0,
72057594040418304,3,0,1,0,0,0,104,1,1,0,,0,0,0,0,0,20,0,0,0,3,0,0,,0,0,
72057594040418304,4,0,1024,0,0,0,231,1024,0,0,SQL_Latin1_General_CP1_CI_AS,0,0,1,0,0,-2,0,0,0,4,0,0,,0,0,
72057594040418304,5,0,4,0,0,0,56,4,10,0,,0,0,0,0,0,21,0,0,0,5,0,0,,0,0,
72057594040418304,6,0,1,0,0,0,104,1,1,0,,0,0,0,0,0,20,0,1,0,6,0,0,,0,0,
72057594040418304,7,0,4,0,0,0,56,4,10,0,,0,0,0,0,0,25,0,0,0,7,0,0,,0,0,
72057594040418304,8,0,8,0,0,0,61,8,23,3,,0,0,0,0,0,29,0,0,0,8,0,0,,0,0,
72057594040418304,9,0,8,0,0,0,61,8,23,3,,0,0,0,0,0,37,0,0,0,9,0,0,,0,0,
72057594040483840,1,0,256,0,0,0,231,256,0,0,SQL_Latin1_General_CP1_CI_AS,0,1,0,0,0,-1,-1,0,0,1,1,0,,0,0,
72057594040483840,2,0,16,0,0,0,36,16,0,0,,0,2,0,0,0,1,1,0,0,2,2,0,,0,0,
72057594040614912,1,0,16,0,0,0,36,16,0,0,,0,1,0,0,0,4,1,0,0,1,1,0,,0,0,
72057594040614912,2,0,4,0,0,0,56,4,10,0,,0,2,0,0,0,20,17,0,0,2,2,0,,0,0,
72057594040614912,3,0,256,0,0,0,231,256,0,0,SQL_Latin1_General_CP1_CI_AS,0,0,0,0,0,-1,0,0,0,3,0,0,,0,0,
72057594040614912,4,0,80,0,0,0,231,80,0,0,SQL_Latin1_General_CP1_CI_AS,0,0,0,0,0,-2,0,0,0,4,0,0,,0,0,
72057594040614912,5,0,8000,0,0,0,231,-1,0,0,SQL_Latin1_General_CP1_CI_AS,0,0,1,0,0,-3,0,0,0,5,0,0,,0,0,
72057594040614912,6,0,4,0,0,0,56,4,10,0,,0,0,0,0,0,24,0,0,0,6,0,0,,0,0,
72057594040614912,7,0,8000,0,0,0,231,-1,0,0,SQL_Latin1_General_CP1_CI_AS,0,0,1,0,0,-4,0,0,0,7,0,0,,0,0,
72057594040614912,8,0,4,0,0,0,56,4,10,0,,0,0,0,0,0,28,0,0,0,8,0,0,,0,0,
72057594040614912,9,0,1,0,0,0,48,1,3,0,,0,0,0,0,0,32,0,0,0,9,0,0,,0,0,
72057594040614912,10,0,4,0,0,0,56,4,10,0,,0,0,0,0,0,33,0,0,0,10,0,0,,0,0,
72057594040614912,11,0,1,0,0,0,48,1,3,0,,0,0,0,0,0,37,0,0,0,11,0,0,,0,0,
72057594040614912,12,0,4,0,0,0,56,4,10,0,,0,0,0,0,0,38,0,0,0,12,0,0,,0,0,
72057594040614912,13,0,256,0,0,0,231,256,0,0,SQL_Latin1_General_CP1_CI_AS,0,0,1,0,0,-5,0,0,0,13,0,0,,0,0,
72057594040614912,14,0,256,0,0,0,231,256,0,0,SQL_Latin1_General_CP1_CI_AS,0,0,1,0,0,-6,0,0,0,14,0,0,,0,0,
72057594040614912,15,0,256,0,0,0,231,256,0,0,SQL_Latin1_General_CP1_CI_AS,0,0,1,0,0,-7,0,0,0,15,0,0,,0,0,
72057594040614912,16,0,4,0,0,0,56,4,10,0,,0,0,0,0,0,42,0,0,0,16,0,0,,0,0,
72057594040614912,17,0,4,0,0,0,56,4,10,0,,0,0,0,0,0,46,0,0,0,17,0,0,,0,0,
72057594040614912,18,0,4,0,0,0,56,4,10,0,,0,0,0,0,0,50,0,0,0,18,0,0,,0,0,
72057594040614912,19,0,400,0,0,0,231,400,0,0,SQL_Latin1_General_CP1_CI_AS,0,0,1,0,0,-8,0,0,0,19,0,0,,0,0,
72057594040614912,20,0,4,0,0,0,56,4,10,0,,0,0,0,0,0,54,0,0,0,20,0,0,,0,0,
72057594040614912,21,0,4,0,0,0,56,4,10,0,,0,0,0,0,0,58,0,0,0,21,0,0,,0,0,
72057594040614912,22,0,4,0,0,0,56,4,10,0,,0,0,0,0,0,62,0,0,0,22,0,0,,0,0,
72057594040614912,23,0,4,0,0,0,56,4,10,0,,0,0,0,0,0,66,0,0,0,23,0,0,,0,0,
72057594040614912,24,0,4,0,0,0,56,4,10,0,,0,0,0,0,0,70,0,0,0,24,0,0,,0,0,
72057594040614912,25,0,16,0,0,0,36,16,0,0,,0,0,0,0,0,74,0,0,0,25,0,0,,0,0,
72057594040680448,1,0,16,0,0,0,36,16,0,0,,0,1,0,0,0,1,1,0,0,1,1,0,,0,0,
72057594040680448,2,0,256,0,0,0,231,256,0,0,SQL_Latin1_General_CP1_CI_AS,0,2,0,0,0,-1,-1,0,0,2,2,0,,0,0,
72057594040680448,3,0,4,0,0,0,56,4,10,0,,0,0,0,0,0,17,0,0,0,3,0,0,,0,0,
72057594040745984,1,0,16,0,0,0,36,16,0,0,,0,1,0,0,0,1,1,0,0,1,1,0,,0,0,
72057594040745984,2,0,16,0,0,0,36,16,0,0,,0,0,0,0,0,17,0,0,0,2,0,0,,0,0,
72057594040745984,3,0,4,0,0,0,56,4,10,0,,0,0,0,0,0,33,0,0,0,3,0,0,,0,0,
72057594040877056,1,0,4,0,0,0,56,4,10,0,,0,1,0,0,0,4,1,0,0,1,1,0,,0,0,
72057594040877056,2,0,16,0,0,0,36,16,0,0,,0,0,0,0,0,8,0,0,0,2,0,0,,0,0,
72057594040877056,3,0,4,0,0,0,56,4,10,0,,0,0,0,0,0,24,0,0,0,3,0,0,,0,0,
72057594040877056,4,0,4,0,0,0,56,4,10,0,,0,0,0,0,0,28,0,0,0,4,0,0,,0,0,
72057594040877056,5,0,4,0,0,0,56,4,10,0,,0,0,0,0,0,32,0,0,0,5,0,0,,0,0,
72057594040877056,6,0,8000,0,0,0,231,8000,0,0,SQL_Latin1_General_CP1_CI_AS,0,0,1,0,0,-1,0,0,0,6,0,0,,0,0,
72057594040877056,7,0,4,0,0,0,56,4,10,0,,0,0,0,0,0,36,0,0,0,7,0,0,,0,0,
72057594040877056,8,0,4,0,0,0,56,4,10,0,,0,0,0,0,0,40,0,0,0,8,0,0,,0,0,
72057594040877056,9,0,4,0,0,0,56,4,10,0,,0,0,0,0,0,44,0,0,0,9,0,0,,0,0,
72057594040877056,10,0,4,0,0,0,56,4,10,0,,0,0,0,0,0,48,0,0,0,10,0,0,,0,0,
72057594040877056,11,0,4,0,0,0,56,4,10,0,,0,0,0,0,0,52,0,0,0,11,0,0,,0,0,
72057594040877056,12,0,4,0,0,0,56,4,10,0,,0,0,0,0,0,56,0,0,0,12,0,0,,0,0,
72057594040877056,13,0,4,0,0,0,56,4,10,0,,0,0,0,0,0,60,0,0,0,13,0,0,,0,0,
72057594040942592,1,0,16,0,0,0,36,16,0,0,,0,1,0,0,0,1,1,0,0,1,1,0,,0,0,
72057594040942592,2,0,4,0,0,0,56,4,10,0,,0,2,0,0,0,17,17,0,0,2,2,0,,0,0,
72057594041008128,1,0,4,0,0,0,56,4,10,0,,0,0,0,0,0,4,0,0,0,1,0,0,,0,0,
72057594041008128,2,0,8000,0,0,0,231,-1,0,0,SQL_Latin1_General_CP1_CI_AS,0,0,0,0,0,-1,0,0,0,2,0,0,,0,0,
72057594041008128,3,0,8,0,0,0,61,8,23,3,,0,0,0,0,0,8,0,0,0,3,0,0,,0,0,
72057594041008128,4,0,16,0,0,0,36,16,0,0,,0,0,0,0,0,16,0,0,0,4,0,0,,0,0,
72057594041073664,1,0,16,0,0,0,36,16,0,0,,0,1,0,0,0,1,1,0,0,1,1,0,,0,0,
72057594041073664,2,0,8,0,0,0,61,8,23,3,,0,2,0,0,0,17,17,0,0,2,2,0,,0,0,
72057594041073664,3,0,8,0,0,0,173,8,0,0,,0,3,0,0,0,25,25,0,0,3,3,0,,0,0,
72057594041204736,1,0,8,0,0,0,127,8,19,0,,0,1,0,0,0,4,1,0,0,1,1,0,,0,0,
72057594041204736,2,0,8000,0,0,0,231,-1,0,0,SQL_Latin1_General_CP1_CI_AS,0,0,1,0,0,-1,0,0,0,2,0,0,,0,0,
72057594041204736,3,0,64,0,0,0,165,64,0,0,,0,0,0,0,0,-2,0,0,0,3,0,0,,0,0,
72057594041204736,4,0,1,0,0,0,104,1,1,0,,0,0,0,0,0,12,0,0,0,4,0,0,,0,0,
72057594041204736,5,0,1,0,0,0,104,1,1,0,,0,0,0,0,0,12,0,1,0,5,0,0,,0,0,
72057594041204736,6,0,16,0,0,0,165,16,0,0,,0,0,1,0,0,-3,0,0,0,6,0,0,,0,0,
72057594041270272,1,0,64,0,0,0,165,64,0,0,,0,1,0,0,0,-1,-1,0,0,1,1,0,,0,0,
72057594041270272,2,0,8,0,0,0,127,8,19,0,,0,0,0,0,0,1,0,0,0,2,0,0,,0,0,
72057594041401344,1,0,8,0,0,0,127,8,19,0,,0,1,0,0,0,4,1,0,0,1,1,0,,0,0,
72057594041401344,2,0,8,0,0,0,127,8,19,0,,0,0,0,0,0,12,0,0,0,2,0,0,,0,0,
72057594041401344,3,0,8,0,0,0,127,8,19,0,,0,0,0,0,0,20,0,0,0,3,0,0,,0,0,
72057594041401344,4,0,8,0,0,0,127,8,19,0,,0,0,1,0,0,28,0,0,0,4,0,0,,0,0,
72057594041401344,5,0,64,0,0,0,165,64,0,0,,0,0,1,0,0,-1,0,0,0,5,0,0,,0,0,
72057594041401344,6,0,8,0,0,0,173,8,0,0,,0,0,0,0,0,36,0,0,0,6,0,0,,0,0,
72057594041401344,7,0,1,0,0,0,104,1,1,0,,0,0,0,0,0,44,0,0,0,7,0,0,,0,0,
72057594041401344,8,0,1,0,0,0,48,1,3,0,,0,0,0,0,0,45,0,0,0,8,0,0,,0,0,
72057594041401344,9,0,10,0,0,0,43,10,34,7,,0,0,0,0,0,46,0,0,0,9,0,0,,0,0,
72057594041401344,10,0,10,0,0,0,43,10,34,7,,0,0,0,0,0,56,0,0,0,10,0,0,,0,0,
72057594041401344,11,0,10,0,0,0,43,10,34,7,,0,0,1,0,0,66,0,0,0,11,0,0,,0,0,
72057594041401344,12,0,64,0,0,0,165,64,0,0,,0,0,1,0,0,-2,0,0,0,12,0,0,,0,0,
72057594041401344,13,0,8,0,0,0,127,8,19,0,,0,0,0,0,0,76,0,0,0,13,0,0,,0,0,
72057594041401344,14,0,8,0,0,0,127,8,19,0,,0,0,0,0,0,84,0,0,0,14,0,0,,0,0,
72057594041401344,15,0,8,0,0,0,127,8,19,0,,0,0,0,0,0,92,0,0,0,15,0,0,,0,0,
72057594041401344,16,0,8,0,0,0,127,8,19,0,,0,0,0,0,0,100,0,0,0,16,0,0,,0,0,
72057594041401344,17,0,8,0,0,0,127,8,19,0,,0,0,0,0,0,108,0,0,0,17,0,0,,0,0,
72057594041401344,18,0,8,0,0,0,127,8,19,0,,0,0,0,0,0,116,0,0,0,18,0,0,,0,0,
72057594041401344,19,0,8,0,0,0,127,8,19,0,,0,0,0,0,0,124,0,0,0,19,0,0,,0,0,
72057594041401344,20,0,8,0,0,0,127,8,19,0,,0,0,0,0,0,132,0,0,0,20,0,0,,0,0,
72057594041401344,21,0,8,0,0,0,127,8,19,0,,0,0,0,0,0,140,0,0,0,21,0,0,,0,0,
72057594041401344,22,0,8,0,0,0,127,8,19,0,,0,0,0,0,0,148,0,0,0,22,0,0,,0,0,
72057594041401344,23,0,8,0,0,0,127,8,19,0,,0,0,0,0,0,156,0,0,0,23,0,0,,0,0,
72057594041401344,24,0,8,0,0,0,127,8,19,0,,0,0,0,0,0,164,0,0,0,24,0,0,,0,0,
72057594041401344,25,0,8,0,0,0,127,8,19,0,,0,0,0,0,0,172,0,0,0,25,0,0,,0,0,
72057594041401344,26,0,8,0,0,0,127,8,19,0,,0,0,0,0,0,180,0,0,0,26,0,0,,0,0,
72057594041401344,27,0,8,0,0,0,127,8,19,0,,0,0,0,0,0,188,0,0,0,27,0,0,,0,0,
72057594041401344,28,0,8,0,0,0,127,8,19,0,,0,0,0,0,0,196,0,0,0,28,0,0,,0,0,
72057594041401344,29,0,8,0,0,0,127,8,19,0,,0,0,0,0,0,204,0,0,0,29,0,0,,0,0,
72057594041401344,30,0,8,0,0,0,127,8,19,0,,0,0,0,0,0,212,0,0,0,30,0,0,,0,0,
72057594041401344,31,0,8,0,0,0,127,8,19,0,,0,0,0,0,0,220,0,0,0,31,0,0,,0,0,
72057594041401344,32,0,8,0,0,0,127,8,19,0,,0,0,0,0,0,228,0,0,0,32,0,0,,0,0,
72057594041401344,33,0,1,0,0,0,48,1,3,0,,0,0,0,0,0,236,0,0,0,33,0,0,,0,0,
72057594041401344,34,0,64,0,0,0,165,64,0,0,,0,0,1,0,0,-3,0,0,0,34,0,0,,0,0,
72057594041401344,35,0,4,0,0,0,56,4,10,0,,0,0,1,0,0,237,0,0,0,35,0,0,,0,0,
72057594041466880,1,0,8,0,0,0,127,8,19,0,,0,1,0,0,0,1,1,0,0,1,1,0,,0,0,
72057594041466880,2,0,8,0,0,0,127,8,19,0,,0,2,0,0,0,9,9,0,0,2,2,0,,0,0,
72057594041466880,3,0,8,0,0,0,127,8,19,0,,0,3,0,0,0,17,17,0,0,3,3,0,,0,0,
72057594041597952,1,0,8,0,0,0,127,8,19,0,,0,1,0,0,0,4,1,0,0,1,1,0,,0,0,
72057594041597952,2,0,8,0,0,0,127,8,19,0,,0,0,0,0,0,12,0,0,0,2,0,0,,0,0,
72057594041597952,3,0,8,0,0,0,127,8,19,0,,0,0,1,0,0,20,0,0,0,3,0,0,,0,0,
72057594041597952,4,0,8,0,0,0,127,8,19,0,,0,0,0,0,0,28,0,0,0,4,0,0,,0,0,
72057594041597952,5,0,8,0,0,0,173,8,0,0,,0,0,0,0,0,36,0,0,0,5,0,0,,0,0,
72057594041597952,6,0,16,0,0,0,165,-1,0,0,,0,0,1,0,0,-1,0,0,0,6,0,0,,0,0,
72057594041597952,7,0,1,0,0,0,104,1,1,0,,0,0,0,0,0,44,0,0,0,7,0,0,,0,0,
72057594041597952,8,0,1,0,0,0,104,1,1,0,,0,0,0,0,0,44,0,1,0,8,0,0,,0,0,
72057594041597952,9,0,1,0,0,0,104,1,1,0,,0,0,0,0,0,44,0,2,0,9,0,0,,0,0,
72057594041597952,10,0,1,0,0,0,104,1,1,0,,0,0,0,0,0,44,0,3,0,10,0,0,,0,0,
72057594041597952,11,0,8,0,0,0,127,8,19,0,,0,0,0,0,0,45,0,0,0,11,0,0,,0,0,
72057594041597952,12,0,4,0,0,0,56,4,10,0,,0,0,0,0,0,53,0,0,0,12,0,0,,0,0,
72057594041597952,13,0,8,0,0,0,127,8,19,0,,0,0,0,0,0,57,0,0,0,13,0,0,,0,0,
72057594041597952,14,0,10,0,0,0,43,10,34,7,,0,0,0,0,0,65,0,0,0,14,0,0,,0,0,
72057594041597952,15,0,10,0,0,0,43,10,34,7,,0,0,0,0,0,75,0,0,0,15,0,0,,0,0,
72057594041597952,16,0,10,0,0,0,43,10,34,7,,0,0,1,0,0,85,0,0,0,16,0,0,,0,0,
72057594041597952,17,0,8,0,0,0,127,8,19,0,,0,0,0,0,0,95,0,0,0,17,0,0,,0,0,
72057594041597952,18,0,8,0,0,0,127,8,19,0,,0,0,0,0,0,103,0,0,0,18,0,0,,0,0,
72057594041597952,19,0,2,0,0,0,52,2,5,0,,0,0,0,0,0,111,0,0,0,19,0,0,,0,0,
72057594041597952,20,0,4,0,0,0,56,4,10,0,,0,0,1,0,0,113,0,0,0,20,0,0,,0,0,
72057594041663488,1,0,8,0,0,0,127,8,19,0,,0,1,0,1,0,1,1,0,0,1,1,0,,0,0,
72057594041663488,2,0,8,0,0,0,127,8,19,0,,0,2,0,0,0,9,9,0,0,2,2,0,,0,0,
72057594041794560,2,0,8,0,0,0,127,8,19,0,,0,1,0,0,0,4,1,0,0,1,1,0,,0,0,
72057594041794560,3,0,8,0,0,0,127,8,19,0,,0,2,0,0,0,12,9,0,0,2,2,0,,0,0,
72057594041794560,4,0,1,0,0,0,48,1,3,0,,0,3,0,0,0,20,17,0,0,3,3,0,,0,0,
72057594041794560,1,0,8,0,0,0,127,8,19,0,,0,0,0,0,0,21,0,0,0,4,0,0,,0,0,
72057594041794560,5,0,10,0,0,0,43,10,34,7,,0,0,0,0,0,29,0,0,0,5,0,0,,0,0,
72057594041794560,6,0,10,0,0,0,43,10,34,7,,0,0,0,0,0,39,0,0,0,6,0,0,,0,0,
72057594041794560,7,0,8,0,0,0,127,8,19,0,,0,0,0,0,0,49,0,0,0,7,0,0,,0,0,
72057594041794560,8,0,8,0,0,0,127,8,19,0,,0,0,0,0,0,57,0,0,0,8,0,0,,0,0,
72057594041794560,9,0,8,0,0,0,127,8,19,0,,0,0,0,0,0,65,0,0,0,9,0,0,,0,0,
72057594041794560,10,0,8,0,0,0,127,8,19,0,,0,0,0,0,0,73,0,0,0,10,0,0,,0,0,
72057594041794560,11,0,8,0,0,0,127,8,19,0,,0,0,0,0,0,81,0,0,0,11,0,0,,0,0,
72057594041794560,12,0,8,0,0,0,62,8,53,0,,0,0,0,0,0,89,0,0,0,12,0,0,,0,0,
72057594041794560,13,0,8,0,0,0,127,8,19,0,,0,0,0,0,0,97,0,0,0,13,0,0,,0,0,
72057594041794560,14,0,8,0,0,0,127,8,19,0,,0,0,0,0,0,105,0,0,0,14,0,0,,0,0,
72057594041794560,15,0,8,0,0,0,127,8,19,0,,0,0,0,0,0,113,0,0,0,15,0,0,,0,0,
72057594041794560,16,0,8,0,0,0,127,8,19,0,,0,0,0,0,0,121,0,0,0,16,0,0,,0,0,
72057594041794560,17,0,8,0,0,0,62,8,53,0,,0,0,0,0,0,129,0,0,0,17,0,0,,0,0,
72057594041794560,18,0,8,0,0,0,127,8,19,0,,0,0,0,0,0,137,0,0,0,18,0,0,,0,0,
72057594041794560,19,0,8,0,0,0,127,8,19,0,,0,0,0,0,0,145,0,0,0,19,0,0,,0,0,
72057594041794560,20,0,8,0,0,0,127,8,19,0,,0,0,0,0,0,153,0,0,0,20,0,0,,0,0,
72057594041794560,21,0,8,0,0,0,127,8,19,0,,0,0,0,0,0,161,0,0,0,21,0,0,,0,0,
72057594041794560,22,0,8,0,0,0,62,8,53,0,,0,0,0,0,0,169,0,0,0,22,0,0,,0,0,
72057594041794560,23,0,8,0,0,0,127,8,19,0,,0,0,0,0,0,177,0,0,0,23,0,0,,0,0,
72057594041794560,24,0,8,0,0,0,127,8,19,0,,0,0,0,0,0,185,0,0,0,24,0,0,,0,0,
72057594041794560,25,0,8,0,0,0,127,8,19,0,,0,0,0,0,0,193,0,0,0,25,0,0,,0,0,
72057594041794560,26,0,8,0,0,0,127,8,19,0,,0,0,0,0,0,201,0,0,0,26,0,0,,0,0,
72057594041794560,27,0,8,0,0,0,62,8,53,0,,0,0,0,0,0,209,0,0,0,27,0,0,,0,0,
72057594041794560,28,0,8,0,0,0,127,8,19,0,,0,0,0,0,0,217,0,0,0,28,0,0,,0,0,
72057594041794560,29,0,8,0,0,0,127,8,19,0,,0,0,0,0,0,225,0,0,0,29,0,0,,0,0,
72057594041794560,30,0,8,0,0,0,127,8,19,0,,0,0,0,0,0,233,0,0,0,30,0,0,,0,0,
72057594041794560,31,0,8,0,0,0,127,8,19,0,,0,0,0,0,0,241,0,0,0,31,0,0,,0,0,
72057594041794560,32,0,8,0,0,0,62,8,53,0,,0,0,0,0,0,249,0,0,0,32,0,0,,0,0,
72057594041794560,33,0,8,0,0,0,127,8,19,0,,0,0,0,0,0,257,0,0,0,33,0,0,,0,0,
72057594041794560,34,0,8,0,0,0,127,8,19,0,,0,0,0,0,0,265,0,0,0,34,0,0,,0,0,
72057594041794560,35,0,8,0,0,0,127,8,19,0,,0,0,0,0,0,273,0,0,0,35,0,0,,0,0,
72057594041794560,36,0,8,0,0,0,127,8,19,0,,0,0,0,0,0,281,0,0,0,36,0,0,,0,0,
72057594041794560,37,0,8,0,0,0,62,8,53,0,,0,0,0,0,0,289,0,0,0,37,0,0,,0,0,
72057594041794560,38,0,8,0,0,0,127,8,19,0,,0,0,0,0,0,297,0,0,0,38,0,0,,0,0,
72057594041794560,39,0,8,0,0,0,127,8,19,0,,0,0,0,0,0,305,0,0,0,39,0,0,,0,0,
72057594041794560,40,0,8,0,0,0,127,8,19,0,,0,0,0,0,0,313,0,0,0,40,0,0,,0,0,
72057594041794560,41,0,8,0,0,0,127,8,19,0,,0,0,0,0,0,321,0,0,0,41,0,0,,0,0,
72057594041794560,42,0,8,0,0,0,62,8,53,0,,0,0,0,0,0,329,0,0,0,42,0,0,,0,0,
72057594041794560,43,0,8,0,0,0,127,8,19,0,,0,0,0,0,0,337,0,0,0,43,0,0,,0,0,
72057594041794560,44,0,8,0,0,0,127,8,19,0,,0,0,0,0,0,345,0,0,0,44,0,0,,0,0,
72057594041794560,45,0,8,0,0,0,127,8,19,0,,0,0,0,0,0,353,0,0,0,45,0,0,,0,0,
72057594041794560,46,0,8,0,0,0,127,8,19,0,,0,0,0,0,0,361,0,0,0,46,0,0,,0,0,
72057594041794560,47,0,8,0,0,0,62,8,53,0,,0,0,0,0,0,369,0,0,0,47,0,0,,0,0,
72057594041794560,48,0,8,0,0,0,127,8,19,0,,0,0,0,0,0,377,0,0,0,48,0,0,,0,0,
72057594041794560,49,0,8,0,0,0,127,8,19,0,,0,0,0,0,0,385,0,0,0,49,0,0,,0,0,
72057594041794560,50,0,8,0,0,0,127,8,19,0,,0,0,0,0,0,393,0,0,0,50,0,0,,0,0,
72057594041794560,51,0,8,0,0,0,127,8,19,0,,0,0,0,0,0,401,0,0,0,51,0,0,,0,0,
72057594041794560,52,0,8,0,0,0,62,8,53,0,,0,0,0,0,0,409,0,0,0,52,0,0,,0,0,
72057594041794560,53,0,8,0,0,0,127,8,19,0,,0,0,1,0,0,417,0,0,0,53,0,0,,0,0,
72057594041794560,54,0,8,0,0,0,127,8,19,0,,0,0,1,0,0,425,0,0,0,54,0,0,,0,0,
72057594041794560,55,0,8,0,0,0,127,8,19,0,,0,0,1,0,0,433,0,0,0,55,0,0,,0,0,
72057594041794560,56,0,8,0,0,0,127,8,19,0,,0,0,1,0,0,441,0,0,0,56,0,0,,0,0,
72057594041794560,57,0,8,0,0,0,62,8,53,0,,0,0,1,0,0,449,0,0,0,57,0,0,,0,0,
72057594041794560,58,0,8,0,0,0,127,8,19,0,,0,0,1,0,0,457,0,0,0,58,0,0,,0,0,
72057594041794560,59,0,8,0,0,0,127,8,19,0,,0,0,1,0,0,465,0,0,0,59,0,0,,0,0,
72057594041794560,60,0,8,0,0,0,127,8,19,0,,0,0,1,0,0,473,0,0,0,60,0,0,,0,0,
72057594041794560,61,0,8,0,0,0,127,8,19,0,,0,0,1,0,0,481,0,0,0,61,0,0,,0,0,
72057594041794560,62,0,8,0,0,0,62,8,53,0,,0,0,1,0,0,489,0,0,0,62,0,0,,0,0,
72057594041794560,63,0,8,0,0,0,127,8,19,0,,0,0,1,0,0,497,0,0,0,63,0,0,,0,0,
72057594041794560,64,0,8,0,0,0,127,8,19,0,,0,0,1,0,0,505,0,0,0,64,0,0,,0,0,
72057594041794560,65,0,8,0,0,0,127,8,19,0,,0,0,1,0,0,513,0,0,0,65,0,0,,0,0,
72057594041794560,66,0,8,0,0,0,127,8,19,0,,0,0,1,0,0,521,0,0,0,66,0,0,,0,0,
72057594041794560,67,0,8,0,0,0,62,8,53,0,,0,0,1,0,0,529,0,0,0,67,0,0,,0,0,
72057594041860096,1,0,8,0,0,0,127,8,19,0,,0,1,0,0,0,1,1,0,0,1,1,0,,0,0,
72057594041860096,2,0,8,0,0,0,127,8,19,0,,0,0,0,0,0,9,0,0,0,2,0,0,,0,0,
72057594041860096,3,0,8,0,0,0,127,8,19,0,,0,0,0,0,0,17,0,0,0,3,0,0,,0,0,
72057594041860096,4,0,1,0,0,0,48,1,3,0,,0,0,0,0,0,25,0,0,0,4,0,0,,0,0,
72057594041991168,1,0,8,0,0,0,127,8,19,0,,0,1,0,0,0,4,1,0,0,1,1,0,,0,0,
72057594041991168,2,0,10,0,0,0,43,10,34,7,,0,0,0,0,0,12,0,0,0,2,0,0,,0,0,
72057594041991168,3,0,10,0,0,0,43,10,34,7,,0,0,0,0,0,22,0,0,0,3,0,0,,0,0,
72057594041991168,4,0,8000,0,0,0,231,-1,0,0,SQL_Latin1_General_CP1_CI_AS,0,0,1,0,0,-1,0,0,0,4,0,0,,0,0,
72057594042056704,1,0,10,0,0,0,43,10,34,7,,0,1,0,0,0,1,1,0,0,1,1,0,,0,0,
72057594042056704,2,0,8,0,0,0,127,8,19,0,,0,2,0,0,0,11,11,0,0,2,2,0,,0,0,
72057594042187776,1,0,8,0,0,0,127,8,19,0,,0,1,0,1,0,4,1,0,0,1,1,0,,0,0,
72057594042187776,2,0,4,0,0,0,56,4,10,0,,0,0,0,0,0,12,0,0,0,2,0,0,,0,0,
72057594042187776,3,0,2,0,0,0,52,2,5,0,,0,0,0,0,0,16,0,0,0,3,0,0,,0,0,
72057594042187776,4,0,2,0,0,0,52,2,5,0,,0,0,0,0,0,18,0,0,0,4,0,0,,0,0,
72057594042187776,5,0,1,0,0,0,48,1,3,0,,0,0,0,0,0,20,0,0,0,5,0,0,,0,0,
72057594042187776,6,0,2,0,0,0,52,2,5,0,,0,0,0,0,0,21,0,0,0,6,0,0,,0,0,
72057594042187776,7,0,2,0,0,0,52,2,5,0,,0,0,0,0,0,23,0,0,0,7,0,0,,0,0,
72057594042187776,8,0,4,0,0,0,56,4,10,0,,0,0,0,0,0,25,0,0,0,8,0,0,,0,0,
72057594042187776,9,0,4,0,0,0,56,4,10,0,,0,0,0,0,0,29,0,0,0,9,0,0,,0,0,
72057594042187776,10,0,2,0,0,0,52,2,5,0,,0,0,0,0,0,33,0,0,0,10,0,0,,0,0,
72057594042187776,11,0,4,0,0,0,56,4,10,0,,0,0,0,0,0,35,0,0,0,11,0,0,,0,0,
72057594042187776,12,0,1,0,0,0,104,1,1,0,,0,0,0,0,0,39,0,0,0,12,0,0,,0,0,
72057594042187776,13,0,1,0,0,0,48,1,3,0,,0,0,0,0,0,40,0,0,0,13,0,0,,0,0,
72057594042318848,1,0,8,0,0,0,127,8,19,0,,0,1,0,0,0,4,1,0,0,1,1,0,,0,0,
72057594042318848,2,0,8,0,0,0,127,8,19,0,,0,0,0,0,0,12,0,0,0,2,0,0,,0,0,
72057594042318848,3,0,8,0,0,0,127,8,19,0,,0,0,0,0,0,20,0,0,0,3,0,0,,0,0,
72057594042318848,4,0,8,0,0,0,127,8,19,0,,0,0,1,0,0,28,0,0,0,4,0,0,,0,0,
72057594042318848,5,0,64,0,0,0,165,64,0,0,,0,0,0,0,0,-1,0,0,0,5,0,0,,0,0,
72057594042318848,6,0,1,0,0,0,48,1,3,0,,0,0,0,0,0,36,0,0,0,6,0,0,,0,0,
72057594042318848,7,0,64,0,0,0,165,64,0,0,,0,0,1,0,0,-2,0,0,0,7,0,0,,0,0,
72057594042318848,8,0,8,0,0,0,173,8,0,0,,0,0,0,0,0,37,0,0,0,8,0,0,,0,0,
72057594042318848,9,0,8000,0,0,0,231,-1,0,0,SQL_Latin1_General_CP1_CI_AS,0,0,1,0,0,-3,0,0,0,9,0,0,,0,0,
72057594042318848,10,0,4,0,0,0,56,4,10,0,,0,0,1,0,0,45,0,0,0,10,0,0,,0,0,
72057594042318848,11,0,4,0,0,0,56,4,10,0,,0,0,0,0,0,49,0,0,0,11,0,0,,0,0,
72057594042318848,12,0,8,0,0,0,127,8,19,0,,0,0,0,0,0,53,0,0,0,12,0,0,,0,0,
72057594042318848,13,0,8000,0,0,0,231,-1,0,0,SQL_Latin1_General_CP1_CI_AS,0,0,1,0,0,-4,0,0,0,13,0,0,,0,0,
72057594042384384,1,0,8,0,0,0,127,8,19,0,,0,1,0,0,0,1,1,0,0,1,1,0,,0,0,
72057594042515456,1,0,8,0,0,0,127,8,19,0,,0,1,0,0,0,4,1,0,0,1,1,0,,0,0,
72057594042515456,2,0,8000,0,0,0,231,-1,0,0,SQL_Latin1_General_CP1_CI_AS,0,0,1,0,0,-1,0,0,0,2,0,0,,0,0,
72057594042515456,3,0,16,0,0,0,165,16,0,0,,0,0,0,0,0,-2,0,0,0,3,0,0,,0,0,
72057594042515456,4,0,1,0,0,0,48,1,3,0,,0,0,0,0,0,12,0,0,0,4,0,0,,0,0,
72057594042515456,5,0,4,0,0,0,56,4,10,0,,0,0,1,0,0,13,0,0,0,5,0,0,,0,0,
72057594042515456,6,0,1,0,0,0,48,1,3,0,,0,0,0,0,0,17,0,0,0,6,0,0,,0,0,
72057594042515456,7,0,4,0,0,0,56,4,10,0,,0,0,0,0,0,18,0,0,0,7,0,0,,0,0,
72057594042515456,8,0,8,0,0,0,127,8,19,0,,0,0,0,0,0,22,0,0,0,8,0,0,,0,0,
72057594042515456,9,0,8000,0,0,0,231,-1,0,0,SQL_Latin1_General_CP1_CI_AS,0,0,1,0,0,-3,0,0,0,9,0,0,,0,0,
72057594042580992,1,0,16,0,0,0,165,16,0,0,,0,1,0,0,0,-1,-1,0,0,1,1,0,,0,0,
72057594042580992,2,0,8,0,0,0,127,8,19,0,,0,0,0,0,0,1,0,0,0,2,0,0,,0,0,
72057594042712064,2,0,8,0,0,0,127,8,19,0,,0,1,0,0,0,4,1,0,0,1,1,0,,0,0,
72057594042712064,3,0,8,0,0,0,127,8,19,0,,0,2,0,0,0,12,9,0,0,2,2,0,,0,0,
72057594042712064,4,0,2,0,0,0,52,2,5,0,,0,3,0,0,0,20,17,0,0,3,3,0,,0,0,
72057594042712064,5,0,1,0,0,0,48,1,3,0,,0,4,0,0,0,22,19,0,0,4,4,0,,0,0,
72057594042712064,1,0,8,0,0,0,127,8,19,0,,0,0,0,0,0,23,0,0,0,5,0,0,,0,0,
72057594042712064,6,0,8,0,0,0,127,8,19,0,,0,0,0,0,0,31,0,0,0,6,0,0,,0,0,
72057594042712064,7,0,8,0,0,0,127,8,19,0,,0,0,0,0,0,39,0,0,0,7,0,0,,0,0,
72057594042712064,8,0,8,0,0,0,127,8,19,0,,0,0,0,0,0,47,0,0,0,8,0,0,,0,0,
72057594042712064,9,0,8,0,0,0,127,8,19,0,,0,0,0,0,0,55,0,0,0,9,0,0,,0,0,
72057594042712064,10,0,8,0,0,0,127,8,19,0,,0,0,0,0,0,63,0,0,0,10,0,0,,0,0,
72057594042712064,11,0,8,0,0,0,62,8,53,0,,0,0,0,0,0,71,0,0,0,11,0,0,,0,0,
72057594042777600,1,0,8,0,0,0,127,8,19,0,,0,1,0,0,0,1,1,0,0,1,1,0,,0,0,
72057594042777600,2,0,8,0,0,0,127,8,19,0,,0,0,0,0,0,9,0,0,0,2,0,0,,0,0,
72057594042777600,3,0,8,0,0,0,127,8,19,0,,0,0,0,0,0,17,0,0,0,3,0,0,,0,0,
72057594042777600,4,0,2,0,0,0,52,2,5,0,,0,0,0,0,0,25,0,0,0,4,0,0,,0,0,
72057594042777600,5,0,1,0,0,0,48,1,3,0,,0,0,0,0,0,27,0,0,0,5,0,0,,0,0,
72057594042843136,1,0,8,0,0,0,127,8,19,0,,0,0,0,0,0,4,0,0,0,1,0,0,,0,0,
72057594042843136,2,0,8,0,0,0,127,8,19,0,,0,0,0,0,0,12,0,0,0,2,0,0,,0,0,
72057594042843136,3,0,4,0,0,0,56,4,10,0,,0,0,1,0,0,20,0,0,0,3,0,0,,0,0,
72057594042843136,4,0,4,0,0,0,56,4,10,0,,0,0,1,0,0,24,0,0,0,4,0,0,,0,0,
72057594042843136,5,0,8,0,0,0,127,8,19,0,,0,0,0,0,0,28,0,0,0,5,0,0,,0,0,
72057594042843136,6,0,8,0,0,0,173,8,0,0,,0,0,0,0,0,36,0,0,0,6,0,0,,0,0,
72057594042843136,7,0,2,0,0,0,52,2,5,0,,0,0,1,0,0,44,0,0,0,7,0,0,,0,0,
72057594042843136,8,0,8,0,0,0,127,8,19,0,,0,0,1,0,0,46,0,0,0,8,0,0,,0,0,
72057594042843136,9,0,8,0,0,0,173,8,0,0,,0,0,0,0,0,54,0,0,0,9,0,0,,0,0,
72057594042843136,10,0,8000,0,0,0,165,8000,0,0,,0,0,0,0,0,-1,0,0,0,10,0,0,,0,0,
72057594042908672,1,0,8,0,0,0,127,8,19,0,,0,0,0,0,0,4,0,0,0,1,0,0,,0,0,
72057594042908672,2,0,8,0,0,0,127,8,19,0,,0,0,0,0,0,12,0,0,0,2,0,0,,0,0,
72057594042908672,3,0,4,0,0,0,56,4,10,0,,0,0,1,0,0,20,0,0,0,3,0,0,,0,0,
72057594042908672,4,0,4,0,0,0,56,4,10,0,,0,0,1,0,0,24,0,0,0,4,0,0,,0,0,
72057594042908672,5,0,8,0,0,0,127,8,19,0,,0,0,0,0,0,28,0,0,0,5,0,0,,0,0,
72057594042908672,6,0,8,0,0,0,173,8,0,0,,0,0,0,0,0,36,0,0,0,6,0,0,,0,0,
72057594042908672,7,0,2,0,0,0,52,2,5,0,,0,0,1,0,0,44,0,0,0,7,0,0,,0,0,
72057594042908672,8,0,8,0,0,0,127,8,19,0,,0,0,1,0,0,46,0,0,0,8,0,0,,0,0,
72057594042908672,9,0,8,0,0,0,173,8,0,0,,0,0,0,0,0,54,0,0,0,9,0,0,,0,0,
72057594042908672,10,0,8000,0,0,0,165,8000,0,0,,0,0,0,0,0,-1,0,0,0,10,0,0,,0,0,
72057594042974208,1,0,4,0,0,0,56,4,10,0,,0,1,0,0,0,4,1,0,0,1,1,0,,0,0,
72057594042974208,2,0,50,0,0,0,167,50,0,0,SQL_Latin1_General_CP1_CI_AS,0,0,0,0,0,-1,0,0,0,2,0,0,,0,0,
72057594043105280,1,0,4,0,0,0,56,4,10,0,,0,1,0,0,0,4,1,0,0,1,1,0,,0,0,
72057594043105280,2,0,50,0,0,0,167,50,0,0,SQL_Latin1_General_CP1_CI_AS,0,0,0,0,0,-1,0,0,0,2,0,0,,0,0,
72057594043105280,3,0,50,0,0,0,167,50,0,0,SQL_Latin1_General_CP1_CI_AS,0,0,0,0,0,-2,0,0,0,3,0,0,,0,0,
72057594043105280,4,0,50,0,0,0,167,50,0,0,SQL_Latin1_General_CP1_CI_AS,0,0,1,0,0,-3,0,0,0,4,0,0,,0,0,
72057594043105280,5,0,4,0,0,0,56,4,10,0,,0,0,1,0,0,8,0,0,0,5,0,0,,0,0,
72057594043105280,6,0,4,0,0,0,56,4,10,0,,0,0,1,0,0,12,0,0,0,6,0,0,,0,0,
72057594043170816,1,0,4,0,0,0,56,4,10,0,,0,1,0,0,0,4,1,0,0,1,1,0,,0,0,
72057594043170816,2,0,4,0,0,0,56,4,10,0,,0,0,0,0,0,8,0,0,0,2,0,0,,0,0,
72057594043170816,3,0,4,0,0,0,56,4,10,0,,0,0,0,0,0,12,0,0,0,3,0,0,,0,0,
72057594043170816,4,0,4,0,0,0,56,4,10,0,,0,0,0,0,0,16,0,0,0,4,0,0,,0,0,
72057594043236352,1,0,4,0,0,0,56,4,10,0,,0,1,0,0,0,4,1,0,0,1,1,0,,0,0,
72057594043236352,2,0,50,0,0,0,167,50,0,0,SQL_Latin1_General_CP1_CI_AS,0,0,0,0,0,-1,0,0,0,2,0,0,,0,0,
72057594043236352,3,0,50,0,0,0,167,50,0,0,SQL_Latin1_General_CP1_CI_AS,0,0,0,0,0,-2,0,0,0,3,0,0,,0,0,
72057594043236352,4,0,3,0,0,0,167,3,0,0,SQL_Latin1_General_CP1_CI_AS,0,0,1,0,0,-3,0,0,0,4,0,0,,0,0,
72057594043236352,5,0,4,0,0,0,56,4,10,0,,0,0,1,0,0,8,0,0,0,5,0,0,,0,0,
72057594043301888,1,0,4,0,0,0,56,4,10,0,,0,1,0,0,0,4,1,0,0,1,1,0,,0,0,
72057594043301888,2,0,50,0,0,0,167,50,0,0,SQL_Latin1_General_CP1_CI_AS,0,0,0,0,0,-1,0,0,0,2,0,0,,0,0,
72057594043301888,3,0,50,0,0,0,167,50,0,0,SQL_Latin1_General_CP1_CI_AS,0,0,0,0,0,-2,0,0,0,3,0,0,,0,0,
72057594043367424,1,0,4,0,0,0,56,4,10,0,,0,1,0,0,0,4,1,0,0,1,1,0,,0,0,
72057594043367424,2,0,4,0,0,0,56,4,10,0,,0,0,1,0,0,8,0,0,0,2,0,0,,0,0,
72057594043367424,3,0,20,0,0,0,167,20,0,0,SQL_Latin1_General_CP1_CI_AS,0,0,0,0,0,-1,0,0,0,3,0,0,,0,0,
72057594043367424,4,0,4,0,0,0,56,4,10,0,,0,0,1,0,0,12,0,0,0,4,0,0,,0,0,
72057594043367424,5,0,10,0,0,0,167,10,0,0,SQL_Latin1_General_CP1_CI_AS,0,0,1,0,0,-2,0,0,0,5,0,0,,0,0,
72057594043367424,6,0,10,0,0,0,167,10,0,0,SQL_Latin1_General_CP1_CI_AS,0,0,0,0,0,-3,0,0,0,6,0,0,,0,0,
72057594043367424,67108865,0,4,0,0,1,56,4,10,0,,0,0,1,0,0,16,0,0,0,7,0,0,,0,0,
72057594043367424,67108866,0,4,0,0,1,56,4,10,0,,0,0,1,0,0,16,0,0,0,8,0,0,,0,0,
72057594043367424,67108867,4,1,0,0,1,104,1,1,0,,0,0,1,0,0,20,0,0,0,9,0,0,,0,0,
72057594043367424,67108868,4,4,0,0,1,56,4,10,0,,0,0,1,0,0,21,0,0,0,10,0,0,,0,0,
72057594043367424,67108869,0,4,0,0,1,56,4,10,0,,0,0,1,0,0,16,0,0,0,11,0,0,,0,0,
72057594043367424,67108870,4,1,0,0,1,104,1,1,0,,0,0,1,0,0,20,0,0,0,12,0,0,,0,0,
72057594043367424,67108871,4,4,0,0,1,56,4,10,0,,0,0,1,0,0,21,0,0,0,13,0,0,,0,0,
72057594043367424,67108872,0,4,0,0,1,56,4,10,0,,0,0,1,0,0,16,0,0,0,14,0,0,,0,0,
72057594043367424,67108873,0,4,0,0,1,56,4,10,0,,0,0,1,0,0,16,0,0,0,15,0,0,,0,0,
72057594043367424,67108874,0,4,0,0,1,56,4,10,0,,0,0,1,0,0,16,0,0,0,16,0,0,,0,0,
72057594043367424,67108875,4,1,0,0,1,104,1,1,0,,0,0,1,0,0,20,0,0,0,17,0,0,,0,0,
72057594043367424,67108876,4,4,0,0,1,56,4,10,0,,0,0,1,0,0,21,0,0,0,18,0,0,,0,0,
72057594043367424,67108877,0,4,0,0,1,56,4,10,0,,0,0,1,0,0,16,0,0,0,19,0,0,,0,0,
72057594043367424,67108878,4,1,0,0,1,104,1,1,0,,0,0,1,0,0,20,0,0,0,20,0,0,,0,0,
72057594043367424,67108879,4,4,0,0,1,56,4,10,0,,0,0,1,0,0,21,0,0,0,21,0,0,,0,0,
72057594043367424,67108880,0,4,0,0,1,56,4,10,0,,0,0,1,0,0,16,0,0,0,22,0,0,,0,0,
72057594043367424,67108881,4,1,0,0,1,104,1,1,0,,0,0,1,0,0,20,0,0,0,23,0,0,,0,0,
72057594043367424,67108882,4,4,0,0,1,56,4,10,0,,0,0,1,0,0,21,0,0,0,24,0,0,,0,0,
72057594043432960,1,0,4,0,0,0,56,4,10,0,,0,1,0,0,0,4,1,0,0,1,1,0,,0,0,
72057594043432960,2,0,50,0,0,0,167,50,0,0,SQL_Latin1_General_CP1_CI_AS,0,0,1,0,0,-1,0,0,0,2,0,0,,0,0,
72057594043432960,3,0,4,0,0,0,56,4,10,0,,0,0,1,0,0,8,0,0,0,3,0,0,,0,0,
72057594043498496,1,0,4,0,0,0,56,4,10,0,,0,1,0,0,0,4,1,0,0,1,1,0,,0,0,
72057594043498496,2,0,4,0,0,0,56,4,10,0,,0,0,1,0,0,8,0,0,0,2,0,0,,0,0,
72057594043498496,3,0,4,0,0,0,56,4,10,0,,0,0,1,0,0,12,0,0,0,3,0,0,,0,0,
72057594043498496,4,0,4,0,0,0,56,4,10,0,,0,0,1,0,0,16,0,0,0,4,0,0,,0,0,
72057594043498496,5,0,4,0,0,0,56,4,10,0,,0,0,1,0,0,20,0,0,0,5,0,0,,0,0,
72057594043564032,1,0,4,0,0,0,56,4,10,0,,0,1,0,0,0,4,1,0,0,1,1,0,,0,0,
72057594043564032,2,0,4,0,0,0,56,4,10,0,,0,0,1,0,0,8,0,0,0,2,0,0,,0,0,
72057594043564032,3,0,4,0,0,0,56,4,10,0,,0,0,1,0,0,12,0,0,0,3,0,0,,0,0,
72057594043564032,4,0,50,0,0,0,167,50,0,0,SQL_Latin1_General_CP1_CI_AS,0,0,1,0,0,-1,0,0,0,4,0,0,,0,0,
72057594043564032,5,0,3,0,0,0,40,3,10,0,,0,0,0,0,0,16,0,0,0,5,0,0,,0,0,
72057594043629568,1,0,4,0,0,0,56,4,10,0,,0,1,0,0,0,4,1,0,0,1,1,0,,0,0,
72057594043629568,2,0,4,0,0,0,56,4,10,0,,0,0,1,0,0,8,0,0,0,2,0,0,,0,0,
72057594043629568,3,0,4,0,0,0,56,4,10,0,,0,0,1,0,0,12,0,0,0,3,0,0,,0,0,
72057594043629568,4,0,3,0,0,0,40,3,10,0,,0,0,0,0,0,16,0,0,0,4,0,0,,0,0,
72057594043695104,1,0,4,0,0,0,56,4,10,0,,0,1,0,0,0,4,1,0,0,1,1,0,,0,0,
72057594043695104,2,0,4,0,0,0,56,4,10,0,,0,0,0,0,0,8,0,0,0,2,0,0,,0,0,
72057594043695104,3,0,4,0,0,0,56,4,10,0,,0,0,0,0,0,12,0,0,0,3,0,0,,0,0,
72057594044416000,1,1159,4,0,0,0,56,4,10,0,,0,0,0,0,0,4,0,0,0,1,0,0,,0,0,
